User Name,Review Time,Rating,clean_text,Tipe,Kelas,Nama_Hotel,AI_Sentiment,AI_Sentiment_Score,AI_Primary_Theme,AI_All_Themes
Makde Official,2025.0,5,lokasinya saat kemana mana mana deket mau kepasar dekat banget cafe baranya juga seru banget ada live music banyak spot foto makanan enak enak pkoknyo juga deh,BUMN,Bintang 3,KHASOmbilinHotel,positive,0.999383807182312,Facilities & Amenities,Facilities & Amenities (0.97); Food & Beverage (0.88); Service Efficiency & Responsiveness (0.81)
Atri Sulistio,2025.0,5,Dari padang ke kota ombilin apalagi nuansa masih zaman kolonial ditambah suasana bersih adem sempat makan dan minum di khas mobilin hotel bara resto semuanya kolam habis enak enak minumannya saya suka kopi gula aren karyawan ramah dan spv selalu menawarkan produk yang handal dan terfavorite resto sukse selalu buat kalian,BUMN,Bintang 3,KHASOmbilinHotel,positive,0.9996155500411987,Staff Conduct & Hospitality,"Staff Conduct & Hospitality (0.98); Service Quality (0.96); Cleanliness, Hygiene & Maintenance (0.96)"
nia prima shartika,2025.0,5,Semua fasilitas dan layanan yang diberikan sangat memuaskan karyawan hotel ini juga semuanya ramah dan mengutamakan kepuasan tamu semoga semin sukses hotel khas ombilin,BUMN,Bintang 3,KHASOmbilinHotel,positive,0.9990372657775879,Facilities & Amenities,Facilities & Amenities (1.00); Staff Conduct & Hospitality (1.00); Guest Experience (0.99)
Valetta andini putri,2025.0,5,Dari pelayanan kamar suasana kebersihan dan makanan top mark recomotop untuk menginap kalau ke sawah lunto tempat sangat dekat dengan museum wisata,BUMN,Bintang 3,KHASOmbilinHotel,positive,0.9993556141853333,Service Quality,"Service Quality (1.00); Cleanliness, Hygiene & Maintenance (1.00); Facilities & Amenities (1.00)"
Vieee Juita,2025.0,5,Saya sempat mampir di sini bahkan saya sempat minum untuk harga dan rasa minuman enak dan sesuai dengan selera untuk pelayanan saya sangat puas saya dilayani sama kryawan yang namanya ridho kualitas dan kenyamanan sangat baik nex saya akan datang lagi sama keluarga dan teman arisan terima kasih baik,BUMN,Bintang 3,KHASOmbilinHotel,positive,0.9991927742958069,Staff Conduct & Hospitality,"Staff Conduct & Hospitality (1.00); Loyalty, Recommendation & Appreciation (1.00); Family & Group Friendly (1.00)"
Yuliya Anindhika putri,2025.0,5,nongkrong di khas ombilin bara cafe dan resto sambil mendengarkan musik live sangat bagus dan apalagi minuman di kopi promo cocok dilidah saya dan sesuai permintaan saya tidak manis dan tidak pahit juga dan untuk baristanya cwok sangt menangani full service dan ramah dan untuk ridho terima kasih yah udah kasih kami diskon mudah2 an saya ada kesempatan pagi untuk mampir di sini lagi karena pelayanan ny sngat bagus dan untuk harga dan rasa semua cocok,BUMN,Bintang 3,KHASOmbilinHotel,positive,0.9995001554489136,Staff Conduct & Hospitality,Staff Conduct & Hospitality (1.00); Service Efficiency & Responsiveness (1.00); Food & Beverage (1.00)
Anggun Syari,2025.0,5,terima kasih untuk spu yang telah mempromosikan makan dan minuman restonya untuk pelayananya foul habis walter raf yang nama gita juga foul senyum berikutnya saya akan membawa kombongan yy lebih banyak tas untuk pak riki dan tim,BUMN,Bintang 3,KHASOmbilinHotel,positive,0.9858048558235168,Food & Beverage,Food & Beverage (1.00); Staff Conduct & Hospitality (0.99); Service Quality (0.99)
Restu Pratiwi Gusvi,2025.0,5,hotel berbintang yang paling nyaman di kota sawahlunto apalagi kalau bisa kamar yang menghadap ke gereja suasana warisanenya dapet banget,BUMN,Bintang 3,KHASOmbilinHotel,positive,0.9993478655815125,Cultural & Heritage Experience,Cultural & Heritage Experience (0.95); Facilities & Amenities (0.90); Room Quality & Comfort (0.88)
Syanti Asvia,2025.0,5,hotel sederhana dengan nuansa masa lalu nyaman dan uda yang melayani di fo membantu sangat terima kasih ya da,BUMN,Bintang 3,KHASOmbilinHotel,positive,0.998875081539154,Ambience & Design,Ambience & Design (0.99); Facilities & Amenities (0.97); Guest Experience (0.95)
Esron Daniel,2025.0,5,hotel nya bagus bersih sangat2 memuaskan sekali tempatnya pelayanannya ramah sangat rekomendasi,BUMN,Bintang 3,KHASOmbilinHotel,positive,0.9991266131401062,Service Quality,"Service Quality (0.99); Cleanliness, Hygiene & Maintenance (0.98); Guest Experience (0.98)"
Rendra Parlente,2025.0,5,minuman dan nakan di bara resto nya enak penyajian nya cepat pelayanan nya bagus daerah nya bersih cocok buat nongkrong,BUMN,Bintang 3,KHASOmbilinHotel,positive,0.9994189739227295,Food & Beverage,"Food & Beverage (0.99); Service Quality (0.99); Cleanliness, Hygiene & Maintenance (0.96)"
muhammad iqbal,2025.0,5,kamar nya bersih makanan di resto nya enak pelayanan nya bagus pelayan nya mbak nadya full senyum,BUMN,Bintang 3,KHASOmbilinHotel,positive,0.9993483424186707,Service Quality,"Service Quality (0.99); Cleanliness, Hygiene & Maintenance (0.99); Facilities & Amenities (0.98)"
Putriindah Mayasari,2025.0,5,Semua fasilitas dan layanan yang diberikan sangat memuaskan dan memberikan kenyaman saat berada dihotelnya,BUMN,Bintang 3,KHASOmbilinHotel,positive,0.9979850053787231,Facilities & Amenities,Facilities & Amenities (1.00); Service Quality (0.99); Guest Experience (0.95)
Muhammad Gaza,2025.0,5,Suasana baru asik dan cocok buat nongkrong sama teman pelayan nya mbak nadya dan mbak wimby ramah dan full smile,BUMN,Bintang 3,KHASOmbilinHotel,positive,0.9992192983627319,Guest Experience,Guest Experience (0.98); Family & Group Friendly (0.93); Staff Conduct & Hospitality (0.93)
Devi Lucya,2025.0,5,kamar bersih layanan oke makanan enak banget terima kasih hotel khas ombilin,BUMN,Bintang 3,KHASOmbilinHotel,positive,0.9988238215446472,Service Quality,Service Quality (0.99); Facilities & Amenities (0.99); Guest Experience (0.98)
fadhira irdi,2025.0,5,Terimakasih khas ombilin fasilitas dan pelayananya sangat memuaskan sangat dianjurkan untuk mengadakan acara,BUMN,Bintang 3,KHASOmbilinHotel,positive,0.999071478843689,Service Quality,Service Quality (1.00); Facilities & Amenities (1.00); Ambience & Design (1.00)
Zeptin Alex Vildiro,2025.0,5,Cucok untuk bekerja dan santai makanan enak pelayanan ramah yang terbaik lah untuk sawahlunto kota,BUMN,Bintang 3,KHASOmbilinHotel,positive,0.9984139204025269,Guest Experience,Guest Experience (0.99); Staff Conduct & Hospitality (0.99); Service Quality (0.99)
Ronelia Anggi,2025.0,1,Air panas agak aneh panas Sndiri kadang tidak fungsi air panas pelayanan baru nol inisiatif tidak s3 kurang rekomen membayar pelayanan tapi tidak dapat layanan yang baik harga keluarga tambahan ranjang 700rb tidak dengan sarapan jutek,BUMN,Bintang 3,KHASOmbilinHotel,negative,0.9917052984237671,Pricing & Value for Money,Pricing & Value for Money (0.88); Guest Experience (0.84); Facilities & Amenities (0.79)
Muhammad Afif,2025.0,5,Hotel budget murah tapi tidak murahan terus kamarnya nyaman banget dipusat kota semua pelayanannya ramah,BUMN,Bintang 3,KHASOmbilinHotel,positive,0.9991924166679382,Pricing & Value for Money,Pricing & Value for Money (0.99); Service Quality (0.97); Facilities & Amenities (0.97)
Bimbs,2025.0,5,nongkrong di bara resto makan nya enak tempatnya nyaman dan bersih pelayanannya bagus,BUMN,Bintang 3,KHASOmbilinHotel,positive,0.9993864297866821,Service Quality,"Service Quality (0.99); Cleanliness, Hygiene & Maintenance (0.98); Facilities & Amenities (0.98)"
randa zulfianda,2025.0,5,hotelnyaa adem dan tenang banget disini fasilitas lengkap dan kalau sakit seru bisa nongkrong di kafenyaa dengan makanannya yang enak,BUMN,Bintang 3,KHASOmbilinHotel,positive,0.9994269609451294,Facilities & Amenities,Facilities & Amenities (1.00); Service Quality (0.94); Service Efficiency & Responsiveness (0.91)
Monica Pratiwi,2025.0,5,makanan di bara resto pilihannya sangat banyak nasi goreng nya enak dan minumannya banyak pilihan,BUMN,Bintang 3,KHASOmbilinHotel,positive,0.9995044469833374,Food & Beverage,Food & Beverage (0.96); Sustainability & Environmental Quality (0.69); Service Quality (0.67)
Hafiza Eka Putri,2025.0,5,hotel dengan kualitas seperti hotel di kota besar kamar luas dan bersih,BUMN,Bintang 3,KHASOmbilinHotel,positive,0.9981856942176819,"Cleanliness, Hygiene & Maintenance","Cleanliness, Hygiene & Maintenance (1.00); Room Quality & Comfort (1.00); Service Quality (1.00)"
Fenda Aulia Putri,2025.0,5,Pelayanan bagus banget ramah minumannya macha dengan kopi enak pol,BUMN,Bintang 3,KHASOmbilinHotel,positive,0.9989222288131714,Service Quality,Service Quality (0.99); Guest Experience (0.99); Staff Conduct & Hospitality (0.95)
Yul Hendrik,2025.0,5,hotelnya nyaman banget pelayanan sangat ramah dekat kemana dipusat kota tinggal jalan kaki,BUMN,Bintang 3,KHASOmbilinHotel,positive,0.9994493126869202,Facilities & Amenities,Facilities & Amenities (0.98); Service Quality (0.97); Guest Experience (0.97)
Fenny Trisnawati,2025.0,4,kamar terakhir yang msh ada yang lain sudah di booking pt ba ac gk dingin udara panas agak aneh karena tiba2 panas walau sudah digeser kerannya ada tv kulkas pengering rambut teko listrik dpt gratis minibar karena lg promo sarapan pagi agak mengecewakan karena seperti dn tidak variatif untuk hotel dengan harga kamar 600rb an tidak ada lift secara keseluruhan lumayan tapi dengan harga segitu seharusnya lebih baik lagi,BUMN,Bintang 3,KHASOmbilinHotel,negative,0.9828500151634216,Pricing & Value for Money,Pricing & Value for Money (0.78); Facilities & Amenities (0.72); Booking & Reservation Experience (0.52)
Ficky Andhika,2025.0,5,enak buat nongkrong kamar bersih kryawannya juga pada ramah2 ada live musik juga,BUMN,Bintang 3,KHASOmbilinHotel,positive,0.9985490441322327,Service Quality,"Service Quality (0.98); Cleanliness, Hygiene & Maintenance (0.98); Facilities & Amenities (0.97)"
Rizki Prayudi,2025.0,5,lokasi sangat strategis bisa sewa sepeda buat keliling tengah kota kamar nyaman mudah mencari jajanan,BUMN,Bintang 3,KHASOmbilinHotel,positive,0.9992677569389343,Facilities & Amenities,Facilities & Amenities (0.98); Food & Beverage (0.94); Room Quality & Comfort (0.94)
Fatmalia Khoirunnisa,2024.0,5,mungkin satu lagi hotel di ombilin atau sawahlunto yang paling besar dan ternama lokasi sangat strategis disekitar hotel banyak jajanan atau makanan mulai keban sate padang kopi seblak gorengan dll hotel juga bersih kamar besar suasana kamar di pagi hari sangat dingin akses ke stadion atau tempat olah raga sangat dekat kekurangan tidak ada akses naik hanya ada tangga tapi masih aman karena tidak tinggi air mandi sering kali keluarnya kecill seperti di video tapi secara keseluruhan masih bagus,BUMN,Bintang 3,KHASOmbilinHotel,positive,0.9985210299491882,Facilities & Amenities,"Facilities & Amenities (0.99); Cleanliness, Hygiene & Maintenance (0.76); Location, Accessibility & Parking (0.72)"
ibnu habibil,2025.0,5,hotel dengan kamar yang sangat bagus dan fasilitas yang sangat memuaskan,BUMN,Bintang 3,KHASOmbilinHotel,positive,0.9990266561508179,Room Quality & Comfort,Room Quality & Comfort (1.00); Facilities & Amenities (0.99); Service Quality (0.98)
Irvan Ali,2025.0,3,kamar ya bersih dan tapi pelayanan memuaskan,BUMN,Bintang 3,KHASOmbilinHotel,positive,0.9922325611114502,Service Quality,"Service Quality (1.00); Cleanliness, Hygiene & Maintenance (0.99); Room Quality & Comfort (0.99)"
shelsa alyayosta,2025.0,5,pelayanan dan makanan nya cocok untuk keluarga,BUMN,Bintang 3,KHASOmbilinHotel,positive,0.9991393089294434,Family & Group Friendly,Family & Group Friendly (0.98); Facilities & Amenities (0.98); Food & Beverage (0.98)
Fauziyati Yati,2025.0,1,bayar mahal 550rb tidak pakai sarapan tidak layak_,BUMN,Bintang 3,KHASOmbilinHotel,negative,0.9990382194519043,Pricing & Value for Money,Pricing & Value for Money (0.95); Facilities & Amenities (0.65); Guest Experience (0.57)
wina meiliza,2025.0,5,nyaman bersih pegawainya ramah ramah,BUMN,Bintang 3,KHASOmbilinHotel,positive,0.9989598989486694,Service Quality,"Service Quality (0.98); Staff Conduct & Hospitality (0.97); Cleanliness, Hygiene & Maintenance (0.96)"
Afly Zainsty,2023.0,4,saya bisa lantai 2 karena saya bersama orang tua sangat sulit sekali untuk membuat orang tua untuk menaiki tangga sangat tinggi sebaiknya dibuatkan wacana fasilitas angkat kedepannya sekaligus tambahan akses tangga lainnya sekaligus untuk kejadian darurat inisiasi petugas untuk membantu membawa barang barang tamu ke kamar baiknya tanpa diminta terlebih dahulu mengingat saya membawa beberapa barang sekaligus memegang orang tua untuk membantu menaiki tangga suasana kamar sangat baik untuk sofa dan lantai karpet diperhatikan kebersamaan karena beberapa tempat terlihat kusam dan kotor jadi tidak nyaman untuk duduk di sofa suasana malam hari di kafe sangat baik dan menarik sekali untuk bersantai melepas lelah saya memesan hot cappucc,BUMN,Bintang 3,KHASOmbilinHotel,positive,0.9979039430618286,Facilities & Amenities,Facilities & Amenities (0.98); Family & Group Friendly (0.97); Service Efficiency & Responsiveness (0.93)
Hary Purwono,2024.0,5,terbaik di sawah lunto terdapat penyewaan sepeda untuk keliling lingkungan sekitar atau sewa mobil dengan tarif tertentu ke tempat wisata di sekitar hotel bagi anda yang suka jalan kaki bisa lebih mengeksplorasi ke beberapa tempat sejarah sekitar hotel kamar cukup luas tanpa asap rokok,BUMN,Bintang 3,KHASOmbilinHotel,positive,0.999355137348175,Facilities & Amenities,Facilities & Amenities (0.95); Cultural & Heritage Experience (0.83); Pricing & Value for Money (0.77)
Oreshnik Hazel,2024.0,5,Pernah nginap di sini selama 3 hari makanan nya enak kamar besar dan bersih hotel terbaik di sawah lunto sukses selalu,BUMN,Bintang 3,KHASOmbilinHotel,positive,0.9991223216056824,"Cleanliness, Hygiene & Maintenance","Cleanliness, Hygiene & Maintenance (1.00); Facilities & Amenities (0.99); Service Quality (0.99)"
hafrizal ris,2024.0,5,pelayanan hotel yang luar biasa lokasi di tengah2 kota kiri kanan kuliner kamar bersih setara bintang 4 dianjurkan banget buat liburan bersama keluarga,BUMN,Bintang 3,KHASOmbilinHotel,positive,0.9989116191864014,Service Quality,Service Quality (1.00); Family & Group Friendly (0.98); Facilities & Amenities (0.98)
Dudy Setiady,2022.0,4,bangunan luarnya lama tapi didalamnya sudah bagus dan bersih kamarnya luas dan bersih perlengkapannya standar bintang 4 dan kualitasnya bagus juga dekat pasar dan lokasi bersejarah tapi belum tetap tidak mengunjungi makanan standar masakan padang dan kurang variasi secara keseluruhan cukup bagus dan menyenangkan untuk menginap di sini,BUMN,Bintang 3,KHASOmbilinHotel,positive,0.9824137687683105,Facilities & Amenities,"Facilities & Amenities (0.96); Cleanliness, Hygiene & Maintenance (0.94); Room Quality & Comfort (0.91)"
MahmudDin,2022.0,5,kamarnya bagus bersih dan wangi diatas ekspektasi mengingat ini adalah bangunan tua dengan banyak sejarah sarapan lumayan dengan lokasi di luar bisa sambil menikmati kegiatan masyarakat pagi sekitar pelayanan sangat memuaskan lokasi strategis di tengah kota sawahlunto dekat dengan tempat makan jajan harga sesuai,BUMN,Bintang 3,KHASOmbilinHotel,positive,0.9995262622833252,Room Quality & Comfort,Room Quality & Comfort (0.99); Facilities & Amenities (0.99); Service Quality (0.99)
Laskar Ababil,2025.0,1,Tidaa bekerja 700k tidaa ad sarapan paginya,BUMN,Bintang 3,KHASOmbilinHotel,negative,0.9905647039413452,Facilities & Amenities,Facilities & Amenities (0.88); Pricing & Value for Money (0.83); Sustainability & Environmental Quality (0.71)
Fahmi Prayoga,2022.0,4,hotel yang sangat nyaman dengan ruangan yang luas dan lega di kota sawahlunto lokasi mudah ditemukan terletak di dekat kantor bukit asam ombilin dan juga museum kereta api yang ada di sawahlunto pemandangan pagi yang menyegarkan sembari sarapan dengan konsep ruangan luar tempat tidur yang nyaman luas dan tenang disekitar hotel pun jika malam hari banyak penjual2 makanan kaki lima yang dapat memanjakan perut bagi pelancong yang ingin menikmati kota sawahlunto di malam hari hotel yang cukup representatif untuk menginap bagi wisatawan di kota sawahlunto,BUMN,Bintang 3,KHASOmbilinHotel,positive,0.9995255470275879,Facilities & Amenities,Facilities & Amenities (1.00); Room Quality & Comfort (0.93); Ambience & Design (0.90)
Tiara Romanpika,2025.0,5,sangat menyenangkan dan pelayanan yang sangat baik,BUMN,Bintang 3,KHASOmbilinHotel,positive,0.9957005381584167,Service Quality,Service Quality (1.00); Guest Experience (1.00); Service Efficiency & Responsiveness (0.98)
Ramadhian,2023.0,5,kamarnya luas bersih tidak bau rokok tidak ada noda aneh2 di tempat tidur dan selimut vibes klasik nya terasa elegan dengan harga yang jauh sangat murah bagus,BUMN,Bintang 3,KHASOmbilinHotel,positive,0.9989497065544128,"Cleanliness, Hygiene & Maintenance","Cleanliness, Hygiene & Maintenance (1.00); Facilities & Amenities (0.99); Room Quality & Comfort (0.99)"
Grace,2023.0,3,Tidak menginap sih cuman brunch disini karena tempatnya menarik di pusat kota kota kota wisata tambang sawahlunto bangunan warisan yang jadi jujugan wisatawan namun untuk kelas hotel bintang 3 dengan harga makanan minuman kelas hotel nurutku rasa nya masih kurang padahal kmi sudah pesan yang chef rekomendasi lho ayam pop sambal matah dan sop iga ombilin hanya pemandangan yang bagus yang didapat disini tapi itu oke lah apalgi jika ada keperluan bertemu dengan relasi disini bisa jadi alternatif tempat strategis ruang makan cukup nyaman n bersih ada indoor n outdoor,BUMN,Bintang 3,KHASOmbilinHotel,positive,0.9393388628959656,Food & Beverage,Food & Beverage (0.95); Cultural & Heritage Experience (0.89); Pricing & Value for Money (0.87)
Da Gino,2023.0,4,hotel warisan di kota tangah lamo sawahlunto sajak dikelola profesional menjadi pilihan utamo dan rekomendasi untuk manginap disiko secara kualitas dan juga lokasinyo strategis bana bisa jalan kaki kaliliang kota warisan dunia nan lah diakui oleh unesco,BUMN,Bintang 3,KHASOmbilinHotel,positive,0.9993401169776917,"Loyalty, Recommendation & Appreciation","Loyalty, Recommendation & Appreciation (0.98); Service Quality (0.98); Staff Conduct & Hospitality (0.97)"
adithelionheart adi,2021.0,5,tempat paling nyaman bermalam di kota warisan ombilin kota tua batubara bersejarah hotel ini salah satu kenangan tentang ombilin berawal makan paginya nasi goreng yang sangat enak dan parkir yang luas untuk 15 mobil dan pelayanan yang sangat ramah warisan inna hotel harus dipertahankan sebagai budaya cagar ombilin sawahlunto,BUMN,Bintang 3,KHASOmbilinHotel,positive,0.9994157552719116,Cultural & Heritage Experience,Cultural & Heritage Experience (0.99); Family & Group Friendly (0.98); Staff Conduct & Hospitality (0.98)
zainbram,2025.0,5,hotel ter enak di sawah lunto,BUMN,Bintang 3,KHASOmbilinHotel,positive,0.9992226362228394,Guest Experience,Guest Experience (0.93); Service Quality (0.93); Sustainability & Environmental Quality (0.93)
rois leonard Arios,2020.0,3,biasa saja harusnya kamar sudah siap saat check masuk karena pemesanan via aplikasi dan sudah pukul 14 45 jangan saat datang baru dibersihkan pengetahuan resepsiis ttg sejarah bangunan juga kurang kecewanya saat kami menngeluarkan barang2 dari mobil petugas depan dia sibuk hp utama tidak mau tahu hotel lain biasanya sudah barupa dan membantu rasanya tak sebanding dengan harga yang dibayar mohon maaf ya,BUMN,Bintang 3,KHASOmbilinHotel,negative,0.9982174038887024,Booking & Reservation Experience,Booking & Reservation Experience (0.96); Cultural & Heritage Experience (0.92); Check in/out Experience (0.84)
Edo,2022.0,4,kamar bersih cukup luas nyaman siaran tv lengkap tempat tidur oke menu sarapan b saja varian sarapan sedikit cm nasi mie goreng 1 lauk buah cm pepaya n semangka kopi teh udahh itu tidak boleh dikatakan hotel terbaik di kota sawahlunto,BUMN,Bintang 3,KHASOmbilinHotel,positive,0.7499374747276306,Food & Beverage,"Food & Beverage (0.85); Facilities & Amenities (0.77); Cleanliness, Hygiene & Maintenance (0.59)"
Emil Muhamad,2022.0,5,telat di samping pasar sawahlunto lokasi sangat strategis kemana2 bisa jalan kaki saja kamar sudah direnov jadi bagus luasnya diatas rata2 dan sangat dilengkapi sayang WC nya kadang berbau gatau karena apa,BUMN,Bintang 3,KHASOmbilinHotel,positive,0.9988991022109985,Facilities & Amenities,"Facilities & Amenities (0.99); Service Quality (0.85); Location, Accessibility & Parking (0.77)"
teta najwa,2021.0,5,bagus banget tempatnya deket sama kota tuo nya sawah lunto makanan di hotel nya juga enak parah bangunan nya beneran vintage dan disekitarnya pun masih vintage harus tinggal di sini bersih dan ada sajadah nya ac nya dingin juga kamar mandi bersih,BUMN,Bintang 3,KHASOmbilinHotel,positive,0.999491810798645,Facilities & Amenities,"Facilities & Amenities (0.98); Cleanliness, Hygiene & Maintenance (0.96); Service Quality (0.92)"
yurike_yw 08,2025.0,5,kamarnya bersih adem,BUMN,Bintang 3,KHASOmbilinHotel,positive,0.9987626075744629,Room Quality & Comfort,"Room Quality & Comfort (0.99); Cleanliness, Hygiene & Maintenance (0.98); Service Quality (0.95)"
Dito Prastio,2025.0,5,nyaman dan kamar luas,BUMN,Bintang 3,KHASOmbilinHotel,positive,0.9990741014480591,Room Quality & Comfort,"Room Quality & Comfort (0.99); Facilities & Amenities (0.99); Cleanliness, Hygiene & Maintenance (0.90)"
Roroo Mendutt,2025.0,5,Bagus sangat menyenangkan,BUMN,Bintang 3,KHASOmbilinHotel,positive,0.9938251972198486,Family & Group Friendly,"Family & Group Friendly (0.79); Cultural & Heritage Experience (0.79); Loyalty, Recommendation & Appreciation (0.74)"
Muhammad Raihan,2024.0,5,Awal datang kesini emang vibes pesona kota wisata sukaa orang disini ramah apalagi pelayanannya lokasi di tengah kota oke untuk liburan,BUMN,Bintang 3,KHASOmbilinHotel,positive,0.9993312358856201,Facilities & Amenities,Facilities & Amenities (1.00); Staff Conduct & Hospitality (1.00); Service Quality (0.99)
Retno Juliansyah,2021.0,5,bangunan hotel nya unik nyaman bersih pegawainya ramah laundry bersih dan harum berdekatan dengan wisata sejarah pertambangan batubara ombilin makananya enak2 keren dah pokoknya,BUMN,Bintang 3,KHASOmbilinHotel,positive,0.9995505213737488,"Cleanliness, Hygiene & Maintenance","Cleanliness, Hygiene & Maintenance (0.99); Facilities & Amenities (0.99); Service Quality (0.98)"
Gilang Fernando,2023.0,5,khas ombilin hotel sawahlunto mantap tim jelajah galanggang arang telah menginap di vila nya sangat bersih dan nyaman dan nuansaanya peninggalan belanda,BUMN,Bintang 3,KHASOmbilinHotel,positive,0.9994194507598877,Facilities & Amenities,"Facilities & Amenities (1.00); Room Quality & Comfort (1.00); Cleanliness, Hygiene & Maintenance (1.00)"
Novembra Anggi,2019.0,5,Salah satu hotel yang ada di kota sawahlunto yang bertempat persis di depan gedung pertemuan kebudayaan gpk tapi untuk sekarang hotel ini tidak menerima pemesanan kamar hanya bisa pemesanan tempat pertempuan untuk acara rapat seminar ataupun pertemuan lainnya,BUMN,Bintang 3,KHASOmbilinHotel,positive,0.9773632287979126,Cultural & Heritage Experience,Cultural & Heritage Experience (0.75); Guest Experience (0.66); Facilities & Amenities (0.62)
Lord Aidil,2023.0,2,karyawan untuk masak cuman ngandelin 1 orang untuk satu hotel pesanan ngak nyampe manajemen pengantaran pesanan ngak jelas yang mesan duluan belum nyampe yang baru datang sudah bisa duluan,BUMN,Bintang 3,KHASOmbilinHotel,negative,0.9963476061820984,Booking & Reservation Experience,Booking & Reservation Experience (0.67); Management & Policy Issues (0.67); Staff Conduct & Hospitality (0.65)
Eka Putra,2021.0,4,sangat mengecewakan sekalii fasilitasnya di kamar 301 katanya udara panas nya ada kenyataan hanya udara dingin saja yang ada di tggu sampai cekut ngak nyala juga istri nya ngak pernah ada WC duduknya goyang bocor ndak ada udara bilasnya semuanya sudah di laporkan k petugasnya hasilnya sampai saya cekut tak ada respon harga 660 rb malam sangat mahal untk ukuran sawahlunto dan fasilias yang menggecewakan mohon perbaikan kedepannya apalagi ini hotel bumn loh setelah keluhan menggenai fasilitas di hotel ini di terima dengan baik dan bijak sana oleh manajer nya langsung beliau berjanji,BUMN,Bintang 3,KHASOmbilinHotel,negative,0.9989972710609436,Facilities & Amenities,Facilities & Amenities (0.77); Pricing & Value for Money (0.62); Guest Experience (0.51)
Ruben Meyer Pandapotan Marpaung,2023.0,5,kamarnya nyaman fasilitas oke sarapannya enak resepsionisnya ramah dan manis pokoknya memuaskan lah,BUMN,Bintang 3,KHASOmbilinHotel,positive,0.9993938207626343,Facilities & Amenities,Facilities & Amenities (0.99); Room Quality & Comfort (0.99); Staff Conduct & Hospitality (0.97)
Syafnela Rahmawaty,2024.0,5,suasana yang menyenangkan di tengah kota makanannya enak dan kamarnya bersih,BUMN,Bintang 3,KHASOmbilinHotel,positive,0.9994179010391235,"Cleanliness, Hygiene & Maintenance","Cleanliness, Hygiene & Maintenance (1.00); Facilities & Amenities (0.99); Room Quality & Comfort (0.99)"
Jefri Aprianda,2023.0,5,hotel nya nyaman terletak di pusat kota dan dekat dengan pusat perbelanjaan dekat dengan bank resepsionistnya ramah dan menangka,BUMN,Bintang 3,KHASOmbilinHotel,positive,0.9995192289352417,Facilities & Amenities,Facilities & Amenities (0.99); Staff Conduct & Hospitality (0.97); Food & Beverage (0.97)
Masayu Mariyam,2022.0,4,Rasa makanannya enak saat dilidah pelayanan hotel bagus cuci wangi tapi ada bbrp tmenku bajunya ke tuker sama kamar lain,BUMN,Bintang 3,KHASOmbilinHotel,positive,0.9950403571128845,Service Quality,"Service Quality (1.00); Cleanliness, Hygiene & Maintenance (0.98); Guest Experience (0.94)"
Krishna Adhitama,2021.0,5,tempat bersejarah tapi tetap nyaman pelayanan ramah rekomen juga buat keluarga nginep rame2 top banget tidak nyesel nginep di sini banyak terima kasih atas warisan inna ombilin,BUMN,Bintang 3,KHASOmbilinHotel,positive,0.9995384216308594,Family & Group Friendly,Family & Group Friendly (1.00); Staff Conduct & Hospitality (0.99); Service Quality (0.99)
Rio Rivaldo,2021.0,5,tempatnya bersejarah sisi luar bangunan masih dipertahankan seperti zaman belanda kamarnya bagus nyaman dan mewah fasilitas lengkap sarapan enak,BUMN,Bintang 3,KHASOmbilinHotel,positive,0.9994022846221924,Facilities & Amenities,Facilities & Amenities (0.99); Room Quality & Comfort (0.99); Cultural & Heritage Experience (0.92)
suryo prakoso,2022.0,4,nyaman tata letaknya strategis lokasinya kamar mantap sarapannya saja yang yang sedikit perlu di tingkatkan secara keseluruhan,BUMN,Bintang 3,KHASOmbilinHotel,positive,0.9975273013114929,Facilities & Amenities,Facilities & Amenities (0.93); Guest Experience (0.85); Room Quality & Comfort (0.80)
Azimar Farhani,2021.0,5,hotelnya kecil tapi bersih dan tertata rapi nyaman tempat yang cukup saya rekomendasikan dekat dengan museum wisata,BUMN,Bintang 3,KHASOmbilinHotel,positive,0.9991204142570496,"Cleanliness, Hygiene & Maintenance","Cleanliness, Hygiene & Maintenance (1.00); Service Quality (0.99); Facilities & Amenities (0.99)"
Citra Anindita,2021.0,5,hotel terbaik di sawahlunto lokasi persis di tengah kota fasilitas dan pelayanan sangat baik sarapannya sederhana tapi enak sekali,BUMN,Bintang 3,KHASOmbilinHotel,positive,0.9994290471076965,Facilities & Amenities,Facilities & Amenities (1.00); Service Quality (0.99); Food & Beverage (0.97)
BIMA HARD,2020.0,5,hotel berbintang baru di sawahlunto bersih nyaman makanan enak tapi harga sedikit mahal semoga wisatawan ramai berkunjung untuk liburan wisata kota tua sawahlunto,BUMN,Bintang 3,KHASOmbilinHotel,positive,0.9809055328369141,Facilities & Amenities,Facilities & Amenities (0.93); Pricing & Value for Money (0.91); Service Quality (0.89)
Muhammad Fauzi,2023.0,2,makanan dan minuman yang kurang enak di restorannya namun tempat yang bagus untuk bersantai ngobrol makan dan kerja pelayannya agak aneh suka liatin orang terus,BUMN,Bintang 3,KHASOmbilinHotel,negative,0.554587185382843,Food & Beverage,Food & Beverage (0.99); Facilities & Amenities (0.84); Staff Conduct & Hospitality (0.79)
Mira Elvia,2023.0,5,kamar bersih dan wangi wifi kenceng air panas nyala tapi sarapan seadanya tidak sesuai dengan harga kamar,BUMN,Bintang 3,KHASOmbilinHotel,positive,0.9824977517127991,"Cleanliness, Hygiene & Maintenance","Cleanliness, Hygiene & Maintenance (0.96); Facilities & Amenities (0.92); Digital Connectivity & Technology (0.87)"
Muhammad Edo Marshal Nurshal,2017.0,2,mayan buat tinggal semalem parkir ada di pusat kota tapi saat kota lagi mati lampu semaleman dan hotel nya tidak punya genset atau lagi rusak jadinya ac tidak berfungsi bahkan udara ikut mati mestinyaawarin kipas atau lilin atau apa kek tahvava,BUMN,Bintang 3,KHASOmbilinHotel,negative,0.9969348907470703,"Location, Accessibility & Parking","Location, Accessibility & Parking (0.87); Food & Beverage (0.69); Facilities & Amenities (0.66)"
Dhewe Alvin,2019.0,3,Lokasinya si enak dipusat kota strategis lah cuma terlihat kurang terawat ya mungkin karna bangunan tua kali ya mau memesan dsini kmarin tidak dapet,BUMN,Bintang 3,KHASOmbilinHotel,positive,0.9914524555206299,Food & Beverage,Food & Beverage (0.74); Booking & Reservation Experience (0.73); Facilities & Amenities (0.67)
Melly Siska,2022.0,3,posisi hotel strategis kalau bisa pelayanan ditingkatkan seperti wifi dan kebersihan dan juga fasilitas kamar seperti T4 tidur,BUMN,Bintang 3,KHASOmbilinHotel,positive,0.9920976161956787,"Cleanliness, Hygiene & Maintenance","Cleanliness, Hygiene & Maintenance (1.00); Facilities & Amenities (0.99); Digital Connectivity & Technology (0.99)"
Kalista Rion,2025.0,5,tempat yang cocok untuk bersantai,BUMN,Bintang 3,KHASOmbilinHotel,positive,0.9976558685302734,Facilities & Amenities,"Facilities & Amenities (0.93); Cleanliness, Hygiene & Maintenance (0.75); Family & Group Friendly (0.75)"
Teguh Fitriadi,2025.0,4,secara umum fasilitas bagus kurangnya pintu kamarnya renggang,BUMN,Bintang 3,KHASOmbilinHotel,positive,0.8757438063621521,Facilities & Amenities,Facilities & Amenities (0.99); Service Quality (0.97); Room Quality & Comfort (0.85)
Irwan Saputra,2021.0,5,mantap hotelnya bersih pelayanan baik sarapan juga enak rekom lah klo jalan2 ke kota sawah lunto,BUMN,Bintang 3,KHASOmbilinHotel,positive,0.9993784427642822,Facilities & Amenities,"Facilities & Amenities (0.99); Service Quality (0.99); Cleanliness, Hygiene & Maintenance (0.99)"
nofrido renaldo,2021.0,5,manajemen hotelnya sangat ramah dan responsif setiap ada keluhan dilayani dengan penuh empati semoga makin maju terus ya terimakasih,BUMN,Bintang 3,KHASOmbilinHotel,positive,0.9989305138587952,Service Efficiency & Responsiveness,Service Efficiency & Responsiveness (0.93); Staff Conduct & Hospitality (0.90); Service Quality (0.84)
Amalina Zaydan Amrulloh,2018.0,4,Hotel yang cukup bagus lokasi viewnya tapi perlu dilakukan peremajaan sedikit pada beberapa sisi kamar interior,BUMN,Bintang 3,KHASOmbilinHotel,positive,0.9929597973823547,Facilities & Amenities,Facilities & Amenities (0.70); Guest Experience (0.62); Ambience & Design (0.47)
Lis yusuf,2022.0,5,hotel berada di pusat kota sawahlunto dan mudah sekali mencapai tempat kuliner yang menyajikan menu yang beragam,BUMN,Bintang 3,KHASOmbilinHotel,positive,0.998784601688385,Facilities & Amenities,Facilities & Amenities (0.92); Food & Beverage (0.89); Service Efficiency & Responsiveness (0.80)
Agung Pancatmoyo,2023.0,5,tempat istirahat yang nyaman dan enak suasananya kedaerahan mencerminkan suasana tempo dulu,BUMN,Bintang 3,KHASOmbilinHotel,positive,0.9992645382881165,Room Quality & Comfort,Room Quality & Comfort (1.00); Facilities & Amenities (0.98); Cultural & Heritage Experience (0.89)
Kholid Dien,2022.0,5,4 malam yang oke menginap di bekas asrama belanda yang disulap jadi hotel suka kalau makan malam dan sarapannya diluar,BUMN,Bintang 3,KHASOmbilinHotel,positive,0.9959121942520142,Food & Beverage,Food & Beverage (0.89); Cultural & Heritage Experience (0.81); Service Quality (0.73)
Oktorio Firnandes,2021.0,4,Baru baru makan t4 ny bisa poto bgus klo rasa masakan yang saya pesan lumayan mungkin nilai ny 6 7,BUMN,Bintang 3,KHASOmbilinHotel,positive,0.9060064554214478,Food & Beverage,Food & Beverage (0.77); Service Quality (0.66); Booking & Reservation Experience (0.66)
Hi Man,2022.0,5,hotel yang bersejarah bangunan yang lumayan dah tua tapi bersih nyaman dan hangat dan melihat yang jempolan,BUMN,Bintang 3,KHASOmbilinHotel,positive,0.9981846213340759,"Cleanliness, Hygiene & Maintenance","Cleanliness, Hygiene & Maintenance (0.99); Room Quality & Comfort (0.98); Facilities & Amenities (0.98)"
Triadi Stevianus,2024.0,5,Hormtepnya nyaman walaupun hotel lama dan suasananya oke dan asyiik,BUMN,Bintang 3,KHASOmbilinHotel,positive,0.9990299940109253,Room Quality & Comfort,Room Quality & Comfort (0.98); Service Quality (0.96); Facilities & Amenities (0.96)
Rita Fitri,2022.0,5,kalau bisa masakannya kembali ke tukang masak lama dulu sebelum menjadi khas ombilin lidah kita masih lidah padang,BUMN,Bintang 3,KHASOmbilinHotel,positive,0.9809895157814026,Cultural & Heritage Experience,Cultural & Heritage Experience (0.69); Service Quality (0.53); Sustainability & Environmental Quality (0.47)
Sherlock Holmes,2016.0,2,bangunan lama yang sudah di dekorasi ulang oleh pemilik hotel yang nuansa klasik dan nyeramin karena kurangnya penerangan di setiap sudut ruangan,BUMN,Bintang 3,KHASOmbilinHotel,positive,0.8717176914215088,Ambience & Design,Ambience & Design (0.81); Cultural & Heritage Experience (0.53); Sustainability & Environmental Quality (0.52)
Justino Leovigildo Mendonca,2021.0,5,lokasi tengah kota layanan sangat baik dan bersih tempatnya sangat baik untuk liburan karena banyak tempat bersejarah disekitarnya,BUMN,Bintang 3,KHASOmbilinHotel,positive,0.999177873134613,Service Quality,"Service Quality (1.00); Facilities & Amenities (1.00); Cleanliness, Hygiene & Maintenance (1.00)"
Yudha Ramanda,2020.0,5,Hotel nya keren serasa di Belanda fasilitasnya nya seperti hotel bintang empat kamar nya sangat bagus sumpah keren banget,BUMN,Bintang 3,KHASOmbilinHotel,positive,0.9993044137954712,Facilities & Amenities,Facilities & Amenities (0.99); Room Quality & Comfort (0.92); Service Quality (0.92)
Milagre Magdalena,2018.0,4,kamar mandinya kurang bersih sebel di situ saja tapi gue denger katanya sengaja soalnya mau direnovasi dalemnya biar lebih modern,BUMN,Bintang 3,KHASOmbilinHotel,negative,0.9072955846786499,Facilities & Amenities,Facilities & Amenities (0.59); Sustainability & Environmental Quality (0.56); Service Quality (0.47)
Yoppi Aditya,2022.0,4,hotelnya bersih kamar nyaman dan tenang sarapannya kurang bervariasi,BUMN,Bintang 3,KHASOmbilinHotel,positive,0.9937593936920166,Room Quality & Comfort,"Room Quality & Comfort (0.93); Service Quality (0.91); Cleanliness, Hygiene & Maintenance (0.84)"
santi erlinda,2018.0,5,hotel yang terletak di pusat kota sawahlunto nyaman untuk keluarga dekat dengan museum kereta api dan tempat wisata sejarah lainnya,BUMN,Bintang 3,KHASOmbilinHotel,positive,0.9994478821754456,Family & Group Friendly,Family & Group Friendly (0.98); Cultural & Heritage Experience (0.90); Facilities & Amenities (0.86)
Deddy Kurnia,2022.0,5,Hotelnya bagus suasana seperti Eropa pelayanan oke dan baik sekali,BUMN,Bintang 3,KHASOmbilinHotel,positive,0.9987754225730896,Service Quality,Service Quality (1.00); Facilities & Amenities (0.99); Ambience & Design (0.99)
Siswanto Ku Ku,2024.0,5,Nginap disini terkesan dijaman kolonial semlm sudah cukup pokoknya bawa kenangan,BUMN,Bintang 3,KHASOmbilinHotel,positive,0.984022855758667,Cultural & Heritage Experience,Cultural & Heritage Experience (0.92); Guest Experience (0.72); Check in/out Experience (0.57)
Meisy Femilda,2023.0,3,staf nya tolong di perbaiki atau tidak di latih lagi deh masa maslah klien nya di lempar emang ini tugas utama lempar gitu,BUMN,Bintang 3,KHASOmbilinHotel,negative,0.9994494318962097,Service Quality,Service Quality (0.85); Guest Experience (0.42); Check in/out Experience (0.36)
Hardini Juliarti,2019.0,3,sebenarnya hotelnya cukup bagus dan strategis namun seperti kurang terawat,BUMN,Bintang 3,KHASOmbilinHotel,positive,0.9422286748886108,Facilities & Amenities,Facilities & Amenities (0.80); Sustainability & Environmental Quality (0.63); Management & Policy Issues (0.56)
anas tatia,2023.0,5,Tempat yang ingin saya kunjungi saat berada di pusat kota untuk bisa melihat pariwisata di sekitar kota,BUMN,Bintang 3,KHASOmbilinHotel,positive,0.9774245023727417,Facilities & Amenities,Facilities & Amenities (0.79); Cultural & Heritage Experience (0.70); Service Efficiency & Responsiveness (0.54)
Hendry Sulistyo,2018.0,3,suasana kota kamu sama-sama terasa sampai di kamar hotel terasa luas tapi kosong dan sepi,BUMN,Bintang 3,KHASOmbilinHotel,positive,0.9967749714851379,Ambience & Design,Ambience & Design (0.83); Facilities & Amenities (0.83); Sustainability & Environmental Quality (0.74)
Puji Basuki,2020.0,4,World Heritage Area sejak menjadi Inna semuanya menjadi lebih baik ya tempatnya ya kamarnya ya restorannya ya warung kopinya kebersihannya dan keramahtamahannya,BUMN,Bintang 3,KHASOmbilinHotel,positive,0.9985828399658203,"Cleanliness, Hygiene & Maintenance","Cleanliness, Hygiene & Maintenance (1.00); Facilities & Amenities (1.00); Service Efficiency & Responsiveness (0.99)"
Rinatul Hayati,2023.0,5,kamar dan lingkungan bersih fasilitas oke ada cafe outdoor juga dianjurkan,BUMN,Bintang 3,KHASOmbilinHotel,positive,0.9992121458053589,"Cleanliness, Hygiene & Maintenance","Cleanliness, Hygiene & Maintenance (1.00); Sustainability & Environmental Quality (0.99); Facilities & Amenities (0.99)"
Doddy Aditya,2021.0,5,kamar sangat bagus lokasi pusat kota sawahlunto layanan ramah sangat direkomendasikan hotel,BUMN,Bintang 3,KHASOmbilinHotel,positive,0.9990091323852539,Room Quality & Comfort,Room Quality & Comfort (1.00); Service Quality (0.99); Guest Experience (0.97)
Ardian marta Lopeyarsi,2024.0,1,terlalu ribet dan mempersulit tamu gmn mau maju wisata,BUMN,Bintang 3,KHASOmbilinHotel,negative,0.9989894032478333,Guest Experience,Guest Experience (0.85); Facilities & Amenities (0.49); Pricing & Value for Money (0.45)
Ririn Wulandari,2024.0,5,bersih rapi fasilitas oke petugas ramah sangat dianjurkan,BUMN,Bintang 3,KHASOmbilinHotel,positive,0.9979039430618286,"Cleanliness, Hygiene & Maintenance","Cleanliness, Hygiene & Maintenance (0.99); Service Quality (0.98); Facilities & Amenities (0.97)"
Aleia Kasidya,2022.0,5,cocok sebagai kota wisata selain alam yang indah banyak gedung gedung tua peninggalan belanda,BUMN,Bintang 3,KHASOmbilinHotel,positive,0.9984799027442932,Cultural & Heritage Experience,Cultural & Heritage Experience (0.98); Ambience & Design (0.96); Sustainability & Environmental Quality (0.83)
Hasdi Putra,2023.0,5,berbagi pengalaman sebagai narsum briefing penyelenggaraan Smart City di sini nyaman bagus khas memang khas,BUMN,Bintang 3,KHASOmbilinHotel,positive,0.9975987076759338,Room Quality & Comfort,Room Quality & Comfort (0.96); Guest Experience (0.96); Digital Connectivity & Technology (0.95)
Christine Situmorang,2024.0,5,hotel dengan view yang bagus bisa juga mengadakan acara di luar ruangan,BUMN,Bintang 3,KHASOmbilinHotel,positive,0.9975874423980713,Facilities & Amenities,Facilities & Amenities (0.85); Guest Experience (0.74); Sustainability & Environmental Quality (0.60)
Suhendri Wibowo,2018.0,5,bagus nyaman murah aman lokasi pusat kota sawahlunto saat buat tempat istirahat saat liburan keluarga,BUMN,Bintang 3,KHASOmbilinHotel,positive,0.9994168281555176,Facilities & Amenities,Facilities & Amenities (0.99); Room Quality & Comfort (0.97); Safety & Security (0.97)
Ikela AC,2022.0,5,tempat persinggahan yang nyaman ramah cocok untuk berlibur di sumatra barat kota tambang sawah lunto,BUMN,Bintang 3,KHASOmbilinHotel,positive,0.9989271759986877,Facilities & Amenities,Facilities & Amenities (0.98); Guest Experience (0.97); Room Quality & Comfort (0.96)
Rafi Moehammad Yoesoef,2018.0,4,hotelnya biasa2 saja bagusnya karena hotel ini tempatnya dekat untuk cari kuliner,BUMN,Bintang 3,KHASOmbilinHotel,positive,0.9169983267784119,Facilities & Amenities,Facilities & Amenities (0.96); Food & Beverage (0.96); Guest Experience (0.85)
Juhardio Anse,2021.0,5,hotel yang keren yang berada di tengah kota sawahlunto dengan nuansa tradisional dan pelayanan yang maksimal,BUMN,Bintang 3,KHASOmbilinHotel,positive,0.9984013438224792,Service Quality,Service Quality (0.99); Service Efficiency & Responsiveness (0.98); Ambience & Design (0.97)
Dani Bocah Tua Nakal,2017.0,3,Cukup untuk transit 1 malam 2 hanya kebersihan dan dekorasi perlu ditingkatkan,BUMN,Bintang 3,KHASOmbilinHotel,positive,0.8617334365844727,"Cleanliness, Hygiene & Maintenance","Cleanliness, Hygiene & Maintenance (0.98); Facilities & Amenities (0.97); Room Quality & Comfort (0.86)"
Dokter Laptop 17,2024.0,5,hotel khas ombilin tempat penginapan yang baik,BUMN,Bintang 3,KHASOmbilinHotel,positive,0.9961351156234741,Room Quality & Comfort,Room Quality & Comfort (0.98); Service Quality (0.95); Personalized & Special Services (0.93)
M Syahid Sundana,2022.0,5,hotel terbaik di kota sawahlunto bagian dari cagar budaya tempatnya strategis di kota tengah,BUMN,Bintang 3,KHASOmbilinHotel,positive,0.999018669128418,Cultural & Heritage Experience,Cultural & Heritage Experience (0.99); Facilities & Amenities (0.78); Booking & Reservation Experience (0.75)
Rizal “Syamsurizal” Zal,2024.0,5,hotel yang bagus aman dan nyaman di kota sawahlunto,BUMN,Bintang 3,KHASOmbilinHotel,positive,0.9986538887023926,Safety & Security,Safety & Security (0.99); Facilities & Amenities (0.97); Room Quality & Comfort (0.96)
Hezi Yovela Adra,2021.0,3,Belum pernah berkunjung setelah renovasi tapi pemandangan bagus saat malam hari,BUMN,Bintang 3,KHASOmbilinHotel,positive,0.9799970388412476,Facilities & Amenities,"Facilities & Amenities (0.87); Cleanliness, Hygiene & Maintenance (0.81); Ambience & Design (0.81)"
Befars Tm,2017.0,1,tempat bersejarah tapi dengan ruang lingkup orang2 yang kurang menjaga warisan budaya,BUMN,Bintang 3,KHASOmbilinHotel,negative,0.6952428221702576,Cultural & Heritage Experience,Cultural & Heritage Experience (0.38); Sustainability & Environmental Quality (0.36); Guest Experience (0.34)
Arta De Mirosky,2021.0,5,nyaman dan enak kadang ada musik nya live,BUMN,Bintang 3,KHASOmbilinHotel,positive,0.9974964261054993,Facilities & Amenities,Facilities & Amenities (0.95); Room Quality & Comfort (0.77); Cultural & Heritage Experience (0.70)
Doni Kurniawan,2021.0,4,hotel bintang 3 gedung tua untuk kota tua sawahlunto bersih dan lengkap,BUMN,Bintang 3,KHASOmbilinHotel,positive,0.9992685914039612,Facilities & Amenities,"Facilities & Amenities (0.99); Cleanliness, Hygiene & Maintenance (0.99); Service Quality (0.98)"
Efizal Amir,2023.0,3,hotel yang selalu dikunjungi setiap ke sawah lunto,BUMN,Bintang 3,KHASOmbilinHotel,positive,0.9970695376396179,Guest Experience,Guest Experience (0.88); Facilities & Amenities (0.81); Sustainability & Environmental Quality (0.80)
Indah Dwi Murni,2023.0,5,hotel bersih nyaman di kota sawahlunto yang tenang,BUMN,Bintang 3,KHASOmbilinHotel,positive,0.999461829662323,Service Quality,"Service Quality (0.98); Cleanliness, Hygiene & Maintenance (0.97); Facilities & Amenities (0.93)"
Indah Purwanti Mugianti,2023.0,4,hotelnya bersih rapi makanan juga enak,BUMN,Bintang 3,KHASOmbilinHotel,positive,0.9992986917495728,"Cleanliness, Hygiene & Maintenance","Cleanliness, Hygiene & Maintenance (1.00); Facilities & Amenities (0.99); Service Quality (0.99)"
Andrio Asman,2020.0,5,hotel yang berpusat di kota tambang yang berbudaya dekat dengan akses wisata,BUMN,Bintang 3,KHASOmbilinHotel,positive,0.9961051940917969,Cultural & Heritage Experience,Cultural & Heritage Experience (0.87); Sustainability & Environmental Quality (0.83); Facilities & Amenities (0.78)
Agus Maryono,2024.0,5,kota kecil jadi menyesuaikanlah,BUMN,Bintang 3,KHASOmbilinHotel,neutral,0.6401903629302979,Pricing & Value for Money,Pricing & Value for Money (0.84); Facilities & Amenities (0.80); Sustainability & Environmental Quality (0.77)
Suhardi Munir,2020.0,5,makanannya enak dan lokasi strategis karena dipusat kota,BUMN,Bintang 3,KHASOmbilinHotel,positive,0.9995195865631104,Food & Beverage,Food & Beverage (0.96); Facilities & Amenities (0.92); Service Quality (0.89)
novitasari nurlaila,2020.0,3,Tempat bersih menyenangkan hanya kurang dari asri,BUMN,Bintang 3,KHASOmbilinHotel,positive,0.5546165704727173,Guest Experience,"Guest Experience (0.79); Cleanliness, Hygiene & Maintenance (0.75); Facilities & Amenities (0.68)"
Rehan stiker /Ulil Amri,2021.0,5,bersih nyaman ramah dan pemandangan ya indah saat buka jendela,BUMN,Bintang 3,KHASOmbilinHotel,positive,0.9992121458053589,Facilities & Amenities,"Facilities & Amenities (0.99); Room Quality & Comfort (0.99); Cleanliness, Hygiene & Maintenance (0.99)"
Olga Nawindy,2025.0,5,Sangat nyaman,BUMN,Bintang 3,KHASOmbilinHotel,positive,0.9991681575775146,Room Quality & Comfort,"Room Quality & Comfort (0.96); Facilities & Amenities (0.93); Cleanliness, Hygiene & Maintenance (0.92)"
Novarina Nurda,2021.0,5,suasana yang nyaman di kelilingi bukit bukit bersih dan ramah pelayanannya,BUMN,Bintang 3,KHASOmbilinHotel,positive,0.9993218183517456,Service Quality,"Service Quality (0.99); Room Quality & Comfort (0.99); Cleanliness, Hygiene & Maintenance (0.99)"
Farhan Nouve,2024.0,5,hotel sangat bersih dan nyaman,BUMN,Bintang 3,KHASOmbilinHotel,positive,0.9992982149124146,Room Quality & Comfort,"Room Quality & Comfort (0.99); Cleanliness, Hygiene & Maintenance (0.98); Facilities & Amenities (0.98)"
Prihananto Setyo adi,2021.0,5,sangat bagus untuk menginap keluarga maupun dinas,BUMN,Bintang 3,KHASOmbilinHotel,positive,0.9975963234901428,Family & Group Friendly,Family & Group Friendly (1.00); Guest Experience (0.98); Room Quality & Comfort (0.98)
Dimas Hernandia,2017.0,3,Suasana yang bagus seperti jaman belanda hehehe,BUMN,Bintang 3,KHASOmbilinHotel,positive,0.9979739785194397,Cultural & Heritage Experience,Cultural & Heritage Experience (0.98); Room Quality & Comfort (0.97); Facilities & Amenities (0.90)
Yumami Notau Fitra,2018.0,4,lumayan bagus kamar luas dan bernuansa eropa,BUMN,Bintang 3,KHASOmbilinHotel,positive,0.9993104934692383,Ambience & Design,Ambience & Design (0.94); Facilities & Amenities (0.94); Room Quality & Comfort (0.93)
Robb Hard,2023.0,5,gedung yang menggambarkan sawahlunto merupakan kota bersejarah,BUMN,Bintang 3,KHASOmbilinHotel,neutral,0.9720063209533691,Cultural & Heritage Experience,"Cultural & Heritage Experience (0.92); Loyalty, Recommendation & Appreciation (0.51); Religious & Halal Features (0.48)"
Hari Andar,2021.0,5,keren apalagi langsung ad paket makan siang n makan malam nya,BUMN,Bintang 3,KHASOmbilinHotel,positive,0.99433833360672,Service Efficiency & Responsiveness,Service Efficiency & Responsiveness (0.93); Service Quality (0.90); Food & Beverage (0.90)
amaten mahardani,2019.0,5,hotel yang murah dan nyaman deket dengan pusat kota,BUMN,Bintang 3,KHASOmbilinHotel,positive,0.9993928670883179,Facilities & Amenities,Facilities & Amenities (0.96); Room Quality & Comfort (0.89); Pricing & Value for Money (0.89)
ATHAN 163,2020.0,5,Hotel nya bagus sekali,BUMN,Bintang 3,KHASOmbilinHotel,positive,0.9991636276245117,Service Quality,Service Quality (0.98); Facilities & Amenities (0.96); Sustainability & Environmental Quality (0.93)
Yur Mala,2019.0,4,bagus jika menginap bersama klg betsoh dan nyaman,BUMN,Bintang 3,KHASOmbilinHotel,positive,0.9991740584373474,Facilities & Amenities,Facilities & Amenities (0.98); Room Quality & Comfort (0.98); Family & Group Friendly (0.92)
SachiAprillia Adeva,2025.0,5,tempat yang nyaman,BUMN,Bintang 3,KHASOmbilinHotel,positive,0.9989373087882996,Room Quality & Comfort,Room Quality & Comfort (0.98); Facilities & Amenities (0.94); Guest Experience (0.87)
efwilza efwilza,2023.0,5,nyaman untuk menginap,BUMN,Bintang 3,KHASOmbilinHotel,positive,0.990341305732727,Room Quality & Comfort,Room Quality & Comfort (0.94); Guest Experience (0.90); Facilities & Amenities (0.88)
iiq tutiani,2018.0,5,Salah 1 hotel yang bagus disni,BUMN,Bintang 3,KHASOmbilinHotel,positive,0.9984124898910522,Service Quality,Service Quality (0.94); Facilities & Amenities (0.86); Sustainability & Environmental Quality (0.78)
Ryan Ramadhani,2018.0,5,bentuknya dalam kalsic dan masih ada bentuk bangunan belanda,BUMN,Bintang 3,KHASOmbilinHotel,neutral,0.6823759078979492,Cultural & Heritage Experience,Cultural & Heritage Experience (0.78); Religious & Halal Features (0.72); Sustainability & Environmental Quality (0.71)
Muhammad Zaky Al aziz,2020.0,5,nyaman tapi tidak ada makanan gratis,BUMN,Bintang 3,KHASOmbilinHotel,negative,0.8982433080673218,Facilities & Amenities,Facilities & Amenities (0.95); Pricing & Value for Money (0.91); Service Quality (0.87)
Yuniar Risdiyanto Rizki,2022.0,5,dekat masjid dan pusat kota dianjurkan nih,BUMN,Bintang 3,KHASOmbilinHotel,positive,0.9971988201141357,Facilities & Amenities,Facilities & Amenities (0.95); Religious & Halal Features (0.90); Safety & Security (0.90)
moza putri,2021.0,4,penginapan nyaman pelayanan bagus,BUMN,Bintang 3,KHASOmbilinHotel,positive,0.999298095703125,Service Quality,Service Quality (1.00); Room Quality & Comfort (0.99); Guest Experience (0.98)
Wanny Rahardjo,2018.0,3,pelayanan hotel masih di bawah standar,BUMN,Bintang 3,KHASOmbilinHotel,negative,0.986494779586792,Facilities & Amenities,Facilities & Amenities (0.59); Management & Policy Issues (0.58); Guest Experience (0.56)
Baramuda RW,2017.0,2,fasilitas harus mengacu ke hotel zaman sekarang,BUMN,Bintang 3,KHASOmbilinHotel,negative,0.9092382192611694,Facilities & Amenities,Facilities & Amenities (0.86); Guest Experience (0.57); Sustainability & Environmental Quality (0.54)
hard,2020.0,3,Dekat dengan jalan utama pelayanan juga lumayan bagus,BUMN,Bintang 3,KHASOmbilinHotel,positive,0.9986760020256042,Service Quality,Service Quality (1.00); Guest Experience (0.97); Facilities & Amenities (0.95)
Te Je,2022.0,5,resto representatif untuk menhabiskan waktu malam,BUMN,Bintang 3,KHASOmbilinHotel,positive,0.976912260055542,Food & Beverage,Food & Beverage (0.98); Cultural & Heritage Experience (0.84); Guest Experience (0.78)
nestidns,2023.0,4,pelayanan hotel sudah baik,BUMN,Bintang 3,KHASOmbilinHotel,positive,0.9966660141944885,Service Quality,Service Quality (1.00); Guest Experience (0.95); Staff Conduct & Hospitality (0.93)
Syartika Dewi,2022.0,3,sudah sangat lama kurang terawat tapi legendaris,BUMN,Bintang 3,KHASOmbilinHotel,positive,0.9679691195487976,Cultural & Heritage Experience,"Cultural & Heritage Experience (0.40); Sustainability & Environmental Quality (0.32); Loyalty, Recommendation & Appreciation (0.30)"
Irwan Azhari,2017.0,5,rapi bersih dan layanan 24 jam ramah care ke pengunjung,BUMN,Bintang 3,KHASOmbilinHotel,positive,0.9960888624191284,"Cleanliness, Hygiene & Maintenance","Cleanliness, Hygiene & Maintenance (1.00); Service Efficiency & Responsiveness (1.00); Service Quality (1.00)"
Imron Ahadi,2023.0,3,sudah jauh lebih baik dari sebelumnya,BUMN,Bintang 3,KHASOmbilinHotel,positive,0.9686324596405029,Sustainability & Environmental Quality,"Sustainability & Environmental Quality (0.80); Cleanliness, Hygiene & Maintenance (0.75); Service Quality (0.69)"
Tri Deni,2022.0,5,tempatnya sangat bagus dan strategis,BUMN,Bintang 3,KHASOmbilinHotel,positive,0.9991903901100159,Facilities & Amenities,Facilities & Amenities (0.99); Room Quality & Comfort (0.98); Ambience & Design (0.96)
Agusthinus C Ayal,2022.0,5,mantap bersih rapih dan nyaman,BUMN,Bintang 3,KHASOmbilinHotel,positive,0.9994118213653564,"Cleanliness, Hygiene & Maintenance","Cleanliness, Hygiene & Maintenance (0.98); Room Quality & Comfort (0.97); Service Quality (0.92)"
Jahya Farid,2020.0,4,Keindahan yang dapat menyatukan hati dan alam sekitar,BUMN,Bintang 3,KHASOmbilinHotel,positive,0.9983853101730347,Sustainability & Environmental Quality,"Sustainability & Environmental Quality (0.95); Cultural & Heritage Experience (0.86); Loyalty, Recommendation & Appreciation (0.81)"
Rizki Syaputraa,2025.0,5,tempat yang nyaman,BUMN,Bintang 3,KHASOmbilinHotel,positive,0.9989373087882996,Room Quality & Comfort,Room Quality & Comfort (0.98); Facilities & Amenities (0.94); Guest Experience (0.87)
Mirza Khatib Lbs,2022.0,5,Kamar bagus dan cukup lega,BUMN,Bintang 3,KHASOmbilinHotel,positive,0.9989359974861145,Room Quality & Comfort,Room Quality & Comfort (1.00); Facilities & Amenities (0.99); Guest Experience (0.96)
M Nazir Fahmi,2022.0,5,pintu kamar ada celah agak menganga,BUMN,Bintang 3,KHASOmbilinHotel,positive,0.7195739150047302,Sustainability & Environmental Quality,Sustainability & Environmental Quality (0.62); Safety & Security (0.60); Religious & Halal Features (0.58)
Een Tanjung,2021.0,5,oke banget makanannya enak,BUMN,Bintang 3,KHASOmbilinHotel,positive,0.998712420463562,"Loyalty, Recommendation & Appreciation","Loyalty, Recommendation & Appreciation (0.81); Food & Beverage (0.81); Sustainability & Environmental Quality (0.77)"
TOE Lank,2018.0,5,nyaman untuk dijadikan tempat istirahat,BUMN,Bintang 3,KHASOmbilinHotel,positive,0.9962506890296936,Facilities & Amenities,Facilities & Amenities (0.84); Room Quality & Comfort (0.78); Guest Experience (0.74)
Paljariati Yusral,2022.0,5,Kesegaran dan layanan profesional kan hadirkan kebetahan,BUMN,Bintang 3,KHASOmbilinHotel,positive,0.9803493022918701,Service Quality,"Service Quality (1.00); Service Efficiency & Responsiveness (0.99); Cleanliness, Hygiene & Maintenance (0.99)"
Arifan aktif,2021.0,1,Saya tidak suka dengan pelayanan resepsi baru,BUMN,Bintang 3,KHASOmbilinHotel,negative,0.9991719722747803,Guest Experience,Guest Experience (0.97); Food & Beverage (0.91); Check in/out Experience (0.67)
Ando Andoko,2022.0,5,tempat sangat bersejarah dan bagus,BUMN,Bintang 3,KHASOmbilinHotel,positive,0.9978688955307007,Cultural & Heritage Experience,Cultural & Heritage Experience (0.96); Facilities & Amenities (0.96); Sustainability & Environmental Quality (0.87)
Ridarmin Makmur,2021.0,5,kamarnya bersih dan besaar,BUMN,Bintang 3,KHASOmbilinHotel,positive,0.9854047894477844,"Cleanliness, Hygiene & Maintenance","Cleanliness, Hygiene & Maintenance (0.99); Room Quality & Comfort (0.99); Service Quality (0.98)"
Eny Rumiatun,2024.0,5,hotel kuno tampilan modern,BUMN,Bintang 3,KHASOmbilinHotel,positive,0.9761566519737244,Ambience & Design,Ambience & Design (0.92); Cultural & Heritage Experience (0.77); Sustainability & Environmental Quality (0.74)
dagung febrian,2025.0,5,bagus pelayanan bagus,BUMN,Bintang 3,KHASOmbilinHotel,positive,0.9989049434661865,Service Quality,Service Quality (1.00); Guest Experience (0.99); Service Efficiency & Responsiveness (0.90)
Ary Scout,2021.0,5,nyaman dan aman di tengah kota,BUMN,Bintang 3,KHASOmbilinHotel,positive,0.9947987794876099,Safety & Security,Safety & Security (0.99); Facilities & Amenities (0.93); Sustainability & Environmental Quality (0.88)
Syaf Rizal,2021.0,5,Serasa inna muara padang versi mini,BUMN,Bintang 3,KHASOmbilinHotel,neutral,0.7569559812545776,Cultural & Heritage Experience,Cultural & Heritage Experience (0.81); Facilities & Amenities (0.81); Religious & Halal Features (0.72)
Nv Nellon,2018.0,5,nyaman aman dingin,BUMN,Bintang 3,KHASOmbilinHotel,positive,0.9991425275802612,Safety & Security,Safety & Security (0.97); Facilities & Amenities (0.88); Sustainability & Environmental Quality (0.85)
Faiz F,2018.0,4,hotel pertama di sawahlunto terletak di pusat kota,BUMN,Bintang 3,KHASOmbilinHotel,positive,0.9975778460502625,Sustainability & Environmental Quality,Sustainability & Environmental Quality (0.85); Service Efficiency & Responsiveness (0.80); Facilities & Amenities (0.78)
Rafa Ananta Phasla,2020.0,5,kopi dan harga nya mantap,BUMN,Bintang 3,KHASOmbilinHotel,positive,0.9988252520561218,Pricing & Value for Money,Pricing & Value for Money (0.98); Service Quality (0.92); Food & Beverage (0.88)
Sonny Haryanto,2020.0,5,keren view jga oke,BUMN,Bintang 3,KHASOmbilinHotel,positive,0.7887110710144043,"Cleanliness, Hygiene & Maintenance","Cleanliness, Hygiene & Maintenance (0.78); Facilities & Amenities (0.74); Sustainability & Environmental Quality (0.74)"
Indra Gunawan,2017.0,4,menikmati suasana seolah di Eropa kecil,BUMN,Bintang 3,KHASOmbilinHotel,positive,0.9919193983078003,Room Quality & Comfort,Room Quality & Comfort (0.94); Cultural & Heritage Experience (0.91); Facilities & Amenities (0.91)
dwi yusmil,2024.0,4,Secara keseluruhan bagus,BUMN,Bintang 3,KHASOmbilinHotel,positive,0.9978784322738647,"Cleanliness, Hygiene & Maintenance","Cleanliness, Hygiene & Maintenance (0.89); Sustainability & Environmental Quality (0.89); Facilities & Amenities (0.85)"
Suthan e Rizal,2022.0,5,Vespa tua,BUMN,Bintang 3,KHASOmbilinHotel,negative,0.8910179734230042,Facilities & Amenities,"Facilities & Amenities (0.93); Cleanliness, Hygiene & Maintenance (0.88); Cultural & Heritage Experience (0.84)"
rang sumando,2020.0,2,tidak dapat kamar,BUMN,Bintang 3,KHASOmbilinHotel,negative,0.9960464835166931,Facilities & Amenities,Facilities & Amenities (0.83); Pricing & Value for Money (0.69); Safety & Security (0.55)
Rusen Rusen,2021.0,5,hotel nyaman di dinginnya kota sawahlunto,BUMN,Bintang 3,KHASOmbilinHotel,positive,0.9992521405220032,Service Quality,Service Quality (0.84); Facilities & Amenities (0.82); Room Quality & Comfort (0.77)
Abdi Marti Panggabean,2022.0,4,Harga yang mahal sesuai dengan kualitasnya,BUMN,Bintang 3,KHASOmbilinHotel,negative,0.9770852327346802,Pricing & Value for Money,Pricing & Value for Money (0.91); Service Quality (0.80); Sustainability & Environmental Quality (0.80)
Adam Muhammad,2021.0,3,Cukup oke,BUMN,Bintang 3,KHASOmbilinHotel,neutral,0.7392452955245972,"Cleanliness, Hygiene & Maintenance","Cleanliness, Hygiene & Maintenance (0.88); Facilities & Amenities (0.83); Pricing & Value for Money (0.73)"
Engkus Kus,2019.0,5,tepatnya strategis dan nyaman,BUMN,Bintang 3,KHASOmbilinHotel,positive,0.9994755387306213,Facilities & Amenities,Facilities & Amenities (0.98); Room Quality & Comfort (0.94); Family & Group Friendly (0.83)
Faunio Anindito,2019.0,5,sangat indah pada malam hari,BUMN,Bintang 3,KHASOmbilinHotel,positive,0.9936478734016418,"Cleanliness, Hygiene & Maintenance","Cleanliness, Hygiene & Maintenance (0.94); Facilities & Amenities (0.92); Sustainability & Environmental Quality (0.90)"
Trio Gunawan,2021.0,3,perlu renovasi dan pembaruan furnitur,BUMN,Bintang 3,KHASOmbilinHotel,neutral,0.9982424974441528,Facilities & Amenities,Facilities & Amenities (0.92); Sustainability & Environmental Quality (0.85); Personalized & Special Services (0.38)
Maryono Yhono,2019.0,1,Renovasi lagi apa dah tutup kayanya,BUMN,Bintang 3,KHASOmbilinHotel,negative,0.4889792501926422,Sustainability & Environmental Quality,Sustainability & Environmental Quality (0.40); Facilities & Amenities (0.37); Pricing & Value for Money (0.33)
Rezki 028,2023.0,5,revomended kalau berkunjung ke sawahlunto,BUMN,Bintang 3,KHASOmbilinHotel,positive,0.9987733960151672,Pricing & Value for Money,Pricing & Value for Money (0.41); Sustainability & Environmental Quality (0.40); Religious & Halal Features (0.34)
satria gautama,2020.0,4,Cukup nyaman untuk kota sawahlunto,BUMN,Bintang 3,KHASOmbilinHotel,positive,0.9992133378982544,Facilities & Amenities,Facilities & Amenities (0.96); Room Quality & Comfort (0.90); Family & Group Friendly (0.87)
Kurniawan Iwan,2017.0,5,Oke lah,BUMN,Bintang 3,KHASOmbilinHotel,positive,0.7753193378448486,"Cleanliness, Hygiene & Maintenance","Cleanliness, Hygiene & Maintenance (0.81); Sustainability & Environmental Quality (0.70); Facilities & Amenities (0.68)"
Saf Priandi,2018.0,4,sederhana tetapi terasa nyaman,BUMN,Bintang 3,KHASOmbilinHotel,positive,0.7970033288002014,Room Quality & Comfort,Room Quality & Comfort (0.74); Family & Group Friendly (0.69); Facilities & Amenities (0.67)
Alitopan nan elok,2023.0,3,peninggalan sejarah,BUMN,Bintang 3,KHASOmbilinHotel,positive,0.948010265827179,Cultural & Heritage Experience,"Cultural & Heritage Experience (0.89); Sustainability & Environmental Quality (0.50); Loyalty, Recommendation & Appreciation (0.45)"
Dino murnalis (Dino),2022.0,4,bagus sudah bintang 3,BUMN,Bintang 3,KHASOmbilinHotel,positive,0.9937855005264282,"Loyalty, Recommendation & Appreciation","Loyalty, Recommendation & Appreciation (0.52); Service Quality (0.48); Sustainability & Environmental Quality (0.46)"
Tono Balitas,2022.0,5,Baik untuk mengisi waktu libur,BUMN,Bintang 3,KHASOmbilinHotel,positive,0.9126960039138794,Sustainability & Environmental Quality,Sustainability & Environmental Quality (0.72); Cultural & Heritage Experience (0.53); Religious & Halal Features (0.52)
Aprilya riva Lestari,2022.0,5,pelayanan sangat memuaskan,BUMN,Bintang 3,KHASOmbilinHotel,positive,0.9991551637649536,Service Quality,Service Quality (1.00); Guest Experience (0.99); Facilities & Amenities (0.93)
Agus rizal188,2023.0,4,khas ombilin hotel peninggalan belanda,BUMN,Bintang 3,KHASOmbilinHotel,neutral,0.9969186782836914,Cultural & Heritage Experience,Cultural & Heritage Experience (0.89); Ambience & Design (0.80); Service Quality (0.66)
Silvia Ayunda,2022.0,4,membantu saya dalam mencari alamat,BUMN,Bintang 3,KHASOmbilinHotel,neutral,0.9933081865310669,Service Efficiency & Responsiveness,"Service Efficiency & Responsiveness (0.70); Personalized & Special Services (0.57); Location, Accessibility & Parking (0.48)"
Amroel donk,2018.0,4,Hotel tua bagus untuk wisatawan anggaran,BUMN,Bintang 3,KHASOmbilinHotel,positive,0.9982802867889404,Pricing & Value for Money,Pricing & Value for Money (0.94); Cultural & Heritage Experience (0.91); Sustainability & Environmental Quality (0.84)
ANDIKO 44,2017.0,4,Lokasi strategis di pusat keramaian,BUMN,Bintang 3,KHASOmbilinHotel,positive,0.9984801411628723,Guest Experience,Guest Experience (0.89); Facilities & Amenities (0.87); Sustainability & Environmental Quality (0.85)
Surata,2023.0,5,sesuai bintang,BUMN,Bintang 3,KHASOmbilinHotel,positive,0.9849494695663452,"Loyalty, Recommendation & Appreciation","Loyalty, Recommendation & Appreciation (0.64); Sustainability & Environmental Quality (0.51); Service Quality (0.35)"
Dine Haerunnisa,2019.0,1,kau menyeramkan tidak terawat,BUMN,Bintang 3,KHASOmbilinHotel,negative,0.9986635446548462,Sustainability & Environmental Quality,Sustainability & Environmental Quality (0.71); Safety & Security (0.68); Facilities & Amenities (0.63)
Ri Dwan,2016.0,3,bangunan artistik arsitektur tempo dulu,BUMN,Bintang 3,KHASOmbilinHotel,positive,0.9954559803009033,Cultural & Heritage Experience,"Cultural & Heritage Experience (0.84); Sustainability & Environmental Quality (0.57); Loyalty, Recommendation & Appreciation (0.48)"
muhammad adam pribadi,2021.0,5,bersih strategis,BUMN,Bintang 3,KHASOmbilinHotel,positive,0.999285876750946,"Cleanliness, Hygiene & Maintenance","Cleanliness, Hygiene & Maintenance (0.92); Sustainability & Environmental Quality (0.82); Religious & Halal Features (0.65)"
yulhendri son,2023.0,5,pelayanan ramah,BUMN,Bintang 3,KHASOmbilinHotel,positive,0.9990253448486328,Guest Experience,Guest Experience (0.98); Service Quality (0.97); Staff Conduct & Hospitality (0.97)
LIMAU MANIH 5U,2021.0,5,antik nuansa kolonial,BUMN,Bintang 3,KHASOmbilinHotel,positive,0.9953200221061707,Cultural & Heritage Experience,Cultural & Heritage Experience (0.88); Ambience & Design (0.70); Facilities & Amenities (0.57)
Dhaney excel,2016.0,4,pelayanan yang lumayan,BUMN,Bintang 3,KHASOmbilinHotel,positive,0.9938709735870361,Service Quality,Service Quality (1.00); Guest Experience (0.97); Facilities & Amenities (0.89)
Adiyar Abas,2017.0,4,Restonya kurang greget,BUMN,Bintang 3,KHASOmbilinHotel,negative,0.9992066025733948,Food & Beverage,Food & Beverage (0.77); Pricing & Value for Money (0.74); Guest Experience (0.68)
Idris Nasution,2018.0,3,tempat bersejarah,BUMN,Bintang 3,KHASOmbilinHotel,positive,0.9992669224739075,Cultural & Heritage Experience,"Cultural & Heritage Experience (0.95); Facilities & Amenities (0.88); Loyalty, Recommendation & Appreciation (0.73)"
Delfi Mahdi,2017.0,3,tempat yang indah dan dingin,BUMN,Bintang 3,KHASOmbilinHotel,positive,0.9975602626800537,Sustainability & Environmental Quality,Sustainability & Environmental Quality (0.86); Facilities & Amenities (0.81); Room Quality & Comfort (0.64)
Wandri Onedri Onedri,2018.0,5,Pelayanan lumayan oke,BUMN,Bintang 3,KHASOmbilinHotel,positive,0.9966933727264404,Service Quality,"Service Quality (0.98); Guest Experience (0.94); Cleanliness, Hygiene & Maintenance (0.85)"
Benny Spiering,2021.0,5,Ya saya sering utama kemari,BUMN,Bintang 3,KHASOmbilinHotel,positive,0.8200106620788574,Guest Experience,Guest Experience (0.86); Cultural & Heritage Experience (0.71); Facilities & Amenities (0.60)
Donny Maryossi Donny,2022.0,5,Ngopi2 di malam hari,BUMN,Bintang 3,KHASOmbilinHotel,neutral,0.45903608202934265,Guest Experience,Guest Experience (0.95); Food & Beverage (0.89); Cultural & Heritage Experience (0.71)
Riko Syahputra,2019.0,5,kota tua,BUMN,Bintang 3,KHASOmbilinHotel,neutral,0.8271582722663879,Facilities & Amenities,"Facilities & Amenities (0.94); Cleanliness, Hygiene & Maintenance (0.93); Cultural & Heritage Experience (0.90)"
nrick rider,2019.0,1,hotel yang buruk,BUMN,Bintang 3,KHASOmbilinHotel,negative,0.999170184135437,Facilities & Amenities,Facilities & Amenities (0.62); Guest Experience (0.61); Management & Policy Issues (0.53)
Irwandi Uyun,2022.0,4,Cukup baik,BUMN,Bintang 3,KHASOmbilinHotel,negative,0.6964920163154602,"Cleanliness, Hygiene & Maintenance","Cleanliness, Hygiene & Maintenance (0.92); Facilities & Amenities (0.89); Sustainability & Environmental Quality (0.83)"
Osman Idayat,2018.0,4,kota bersejarah,BUMN,Bintang 3,KHASOmbilinHotel,positive,0.9954878687858582,Cultural & Heritage Experience,"Cultural & Heritage Experience (0.95); Facilities & Amenities (0.88); Loyalty, Recommendation & Appreciation (0.67)"
Andika putra Putra,2022.0,5,mantap pelayanananya,BUMN,Bintang 3,KHASOmbilinHotel,positive,0.9993669390678406,Service Quality,"Service Quality (1.00); Staff Conduct & Hospitality (0.97); Cleanliness, Hygiene & Maintenance (0.96)"
Dean arvan,2017.0,5,Hunian cukup nyaman di kota sawahlunto,BUMN,Bintang 3,KHASOmbilinHotel,positive,0.9992495179176331,Facilities & Amenities,Facilities & Amenities (0.94); Room Quality & Comfort (0.92); Family & Group Friendly (0.91)
Perary Partadiharja,2018.0,5,kota yang indah,BUMN,Bintang 3,KHASOmbilinHotel,positive,0.9933592677116394,Ambience & Design,Ambience & Design (0.95); Facilities & Amenities (0.93); Cultural & Heritage Experience (0.87)
Amida hidaya4111,2019.0,4,Bernuansa sejarah,BUMN,Bintang 3,KHASOmbilinHotel,positive,0.9972020387649536,Cultural & Heritage Experience,"Cultural & Heritage Experience (0.99); Sustainability & Environmental Quality (0.64); Loyalty, Recommendation & Appreciation (0.42)"
Irfan Helmi,2018.0,3,agak seram nginap disini,BUMN,Bintang 3,KHASOmbilinHotel,negative,0.997469425201416,Guest Experience,Guest Experience (0.67); Religious & Halal Features (0.40); Booking & Reservation Experience (0.34)
Tatis,2023.0,5,nyaman,BUMN,Bintang 3,KHASOmbilinHotel,positive,0.983562171459198,"Cleanliness, Hygiene & Maintenance","Cleanliness, Hygiene & Maintenance (0.72); Sustainability & Environmental Quality (0.65); Guest Experience (0.59)"
Syandi Gafri,2018.0,5,Sangat dingin,BUMN,Bintang 3,KHASOmbilinHotel,positive,0.9982319474220276,Sustainability & Environmental Quality,Sustainability & Environmental Quality (0.64); Religious & Halal Features (0.37); Pricing & Value for Money (0.34)
M4U W4K,2018.0,4,hotel warisan budaya masalalu,BUMN,Bintang 3,KHASOmbilinHotel,negative,0.9866859912872314,Cultural & Heritage Experience,Cultural & Heritage Experience (0.97); Facilities & Amenities (0.74); Booking & Reservation Experience (0.60)
heri haeruman,2022.0,5,keren hotelnya,BUMN,Bintang 3,KHASOmbilinHotel,positive,0.9990571141242981,Service Quality,Service Quality (0.99); Facilities & Amenities (0.96); Guest Experience (0.90)
Heni Astuti,2023.0,5,wisata kota tua,BUMN,Bintang 3,KHASOmbilinHotel,positive,0.9972503781318665,Cultural & Heritage Experience,Cultural & Heritage Experience (0.97); Facilities & Amenities (0.83); Sustainability & Environmental Quality (0.83)
Alberto Nastzomi,2022.0,5,keren,BUMN,Bintang 3,KHASOmbilinHotel,positive,0.9992355108261108,"Cleanliness, Hygiene & Maintenance","Cleanliness, Hygiene & Maintenance (0.88); Facilities & Amenities (0.81); Sustainability & Environmental Quality (0.68)"
J Martin,2022.0,4,senang,BUMN,Bintang 3,KHASOmbilinHotel,positive,0.9988038539886475,"Cleanliness, Hygiene & Maintenance","Cleanliness, Hygiene & Maintenance (0.92); Facilities & Amenities (0.82); Cultural & Heritage Experience (0.78)"
Anonymous,2018.0,3,tingkatkan lagi,BUMN,Bintang 3,KHASOmbilinHotel,positive,0.9935717582702637,Sustainability & Environmental Quality,"Sustainability & Environmental Quality (0.77); Cleanliness, Hygiene & Maintenance (0.69); Facilities & Amenities (0.63)"
Ifsan Febriadi,2022.0,3,mantap,BUMN,Bintang 3,KHASOmbilinHotel,positive,0.9991816878318787,"Cleanliness, Hygiene & Maintenance","Cleanliness, Hygiene & Maintenance (0.93); Facilities & Amenities (0.89); Sustainability & Environmental Quality (0.75)"
Mardianti 71,2022.0,5,bagus,BUMN,Bintang 3,KHASOmbilinHotel,positive,0.9981029033660889,"Cleanliness, Hygiene & Maintenance","Cleanliness, Hygiene & Maintenance (0.91); Facilities & Amenities (0.90); Sustainability & Environmental Quality (0.82)"
Qadrina Mourafia,2022.0,5,bersih,BUMN,Bintang 3,KHASOmbilinHotel,positive,0.9989256262779236,"Cleanliness, Hygiene & Maintenance","Cleanliness, Hygiene & Maintenance (0.96); Service Quality (0.92); Sustainability & Environmental Quality (0.86)"
Haswar Gusrian,2017.0,2,lumayan tua,BUMN,Bintang 3,KHASOmbilinHotel,negative,0.7429211735725403,"Cleanliness, Hygiene & Maintenance","Cleanliness, Hygiene & Maintenance (0.83); Pricing & Value for Money (0.79); Facilities & Amenities (0.70)"
Andi Warsah,2018.0,5,dingin,BUMN,Bintang 3,KHASOmbilinHotel,negative,0.631177544593811,Facilities & Amenities,Facilities & Amenities (0.67); Sustainability & Environmental Quality (0.64); Pricing & Value for Money (0.54)
Nurazri. com,2019.0,4,lumayan,BUMN,Bintang 3,KHASOmbilinHotel,positive,0.9958890080451965,Facilities & Amenities,"Facilities & Amenities (0.78); Pricing & Value for Money (0.75); Cleanliness, Hygiene & Maintenance (0.74)"
USA MANIA,2021.0,5,ruangan bagus,BUMN,Bintang 3,KHASOmbilinHotel,positive,0.9991863369941711,Room Quality & Comfort,Room Quality & Comfort (0.97); Facilities & Amenities (0.93); Sustainability & Environmental Quality (0.85)
"Syafta Saputra, S. AP",2017.0,5,keren,BUMN,Bintang 3,KHASOmbilinHotel,positive,0.9992355108261108,"Cleanliness, Hygiene & Maintenance","Cleanliness, Hygiene & Maintenance (0.88); Facilities & Amenities (0.81); Sustainability & Environmental Quality (0.68)"
Apjulkhir Papua,2018.0,5,Strategi,BUMN,Bintang 3,KHASOmbilinHotel,positive,0.9989638328552246,"Cleanliness, Hygiene & Maintenance","Cleanliness, Hygiene & Maintenance (0.81); Sustainability & Environmental Quality (0.64); Digital Connectivity & Technology (0.51)"
Fikrul Hanif,2017.0,5,nyaman,BUMN,Bintang 3,KHASOmbilinHotel,positive,0.9836785197257996,"Cleanliness, Hygiene & Maintenance","Cleanliness, Hygiene & Maintenance (0.72); Sustainability & Environmental Quality (0.65); Guest Experience (0.60)"
Halwan Nasution,2017.0,3,unik,BUMN,Bintang 3,KHASOmbilinHotel,positive,0.9991291165351868,"Cleanliness, Hygiene & Maintenance","Cleanliness, Hygiene & Maintenance (0.82); Facilities & Amenities (0.81); Pricing & Value for Money (0.66)"
toko rassaki,2018.0,4,menginap,BUMN,Bintang 3,KHASOmbilinHotel,positive,0.9883930087089539,Guest Experience,"Guest Experience (1.00); Cleanliness, Hygiene & Maintenance (0.92); Pricing & Value for Money (0.76)"
Ridwan Harahap,2016.0,4,dipusat kota sawahlunto,BUMN,Bintang 3,KHASOmbilinHotel,positive,0.7247751355171204,Facilities & Amenities,"Facilities & Amenities (0.94); Pricing & Value for Money (0.75); Cleanliness, Hygiene & Maintenance (0.72)"
Muhammad Yusuf Farhan,2021.0,5,hotel Indonesia kelompok,BUMN,Bintang 3,KHASOmbilinHotel,neutral,0.9970012307167053,Pricing & Value for Money,Pricing & Value for Money (0.63); Family & Group Friendly (0.60); Cultural & Heritage Experience (0.59)
Nof ri,2018.0,4,santai mlm,BUMN,Bintang 3,KHASOmbilinHotel,positive,0.9960732460021973,Pricing & Value for Money,"Pricing & Value for Money (0.77); Cleanliness, Hygiene & Maintenance (0.65); Sustainability & Environmental Quality (0.41)"
Mujahidin Agus,2018.0,5,bersejarah,BUMN,Bintang 3,KHASOmbilinHotel,positive,0.9990085959434509,Cultural & Heritage Experience,Cultural & Heritage Experience (0.93); Facilities & Amenities (0.60); Sustainability & Environmental Quality (0.59)
Ning W. Utami,2022.0,5,Strategi,BUMN,Bintang 3,KHASOmbilinHotel,positive,0.9989638328552246,"Cleanliness, Hygiene & Maintenance","Cleanliness, Hygiene & Maintenance (0.81); Sustainability & Environmental Quality (0.64); Digital Connectivity & Technology (0.50)"
Ajid Muslim,2021.0,5,menakjubkan,BUMN,Bintang 3,KHASOmbilinHotel,positive,0.9988137483596802,Cultural & Heritage Experience,"Cultural & Heritage Experience (0.68); Facilities & Amenities (0.67); Cleanliness, Hygiene & Maintenance (0.66)"
Kreswanto,2018.0,4,menginap di hotel,BUMN,Bintang 3,KHASOmbilinHotel,neutral,0.7921817898750305,Guest Experience,"Guest Experience (0.95); Facilities & Amenities (0.94); Cleanliness, Hygiene & Maintenance (0.92)"
ahmad fadil,2021.0,5,tujuan wisata,BUMN,Bintang 3,KHASOmbilinHotel,positive,0.9761813879013062,Cultural & Heritage Experience,"Cultural & Heritage Experience (0.79); Cleanliness, Hygiene & Maintenance (0.76); Facilities & Amenities (0.76)"
hartono hartono,2017.0,4,hotel nyaman,BUMN,Bintang 3,KHASOmbilinHotel,positive,0.9987838864326477,Service Quality,Service Quality (0.93); Staff Conduct & Hospitality (0.86); Guest Experience (0.82)
Wandi HONDA - Marketing Consultan Oto (Wandi Joe),2020.0,5,bangunan tua,BUMN,Bintang 3,KHASOmbilinHotel,positive,0.997739315032959,Facilities & Amenities,"Facilities & Amenities (0.91); Cleanliness, Hygiene & Maintenance (0.88); Cultural & Heritage Experience (0.88)"
Evitrah Ajja,2020.0,5,Sawah,BUMN,Bintang 3,KHASOmbilinHotel,positive,0.9760274887084961,"Cleanliness, Hygiene & Maintenance","Cleanliness, Hygiene & Maintenance (0.90); Facilities & Amenities (0.89); Sustainability & Environmental Quality (0.74)"
Wawan Suwarsono,2022.0,5,nyaman,BUMN,Bintang 3,KHASOmbilinHotel,positive,0.9836785197257996,"Cleanliness, Hygiene & Maintenance","Cleanliness, Hygiene & Maintenance (0.72); Sustainability & Environmental Quality (0.65); Guest Experience (0.60)"
Nur Hariyadi,2021.0,5,bagus,BUMN,Bintang 3,KHASOmbilinHotel,positive,0.9981029033660889,"Cleanliness, Hygiene & Maintenance","Cleanliness, Hygiene & Maintenance (0.91); Facilities & Amenities (0.89); Sustainability & Environmental Quality (0.82)"
tovo tour and travel (Rangkayo Sutan),2021.0,3,mantap,BUMN,Bintang 3,KHASOmbilinHotel,positive,0.9991816878318787,"Cleanliness, Hygiene & Maintenance","Cleanliness, Hygiene & Maintenance (0.93); Facilities & Amenities (0.89); Sustainability & Environmental Quality (0.75)"
Dennis edya putra,2018.0,5,bagus,BUMN,Bintang 3,KHASOmbilinHotel,positive,0.9981029033660889,"Cleanliness, Hygiene & Maintenance","Cleanliness, Hygiene & Maintenance (0.91); Facilities & Amenities (0.90); Sustainability & Environmental Quality (0.82)"
yearo david,2018.0,4,bagus,BUMN,Bintang 3,KHASOmbilinHotel,positive,0.9981029033660889,"Cleanliness, Hygiene & Maintenance","Cleanliness, Hygiene & Maintenance (0.91); Facilities & Amenities (0.90); Sustainability & Environmental Quality (0.82)"
Muhammad Rifky,2025.0,5,Sangat nyaman,BUMN,Bintang 3,KHASOmbilinHotel,positive,0.9991685152053833,Room Quality & Comfort,"Room Quality & Comfort (0.96); Facilities & Amenities (0.93); Cleanliness, Hygiene & Maintenance (0.92)"
Lunari Kesya,2025.0,5,Rekomen banget buat yang mau tinggal di sawahlunto,BUMN,Bintang 3,KHASOmbilinHotel,positive,0.9281479716300964,"Cleanliness, Hygiene & Maintenance","Cleanliness, Hygiene & Maintenance (0.84); Cultural & Heritage Experience (0.83); Service Efficiency & Responsiveness (0.81)"
Tarisa Oktaviani,2025.0,5,Baru nemu hotel bagus kayak gini ada di sawahlunto terbaik pokok karyawan nya pun ramah terutama resepsionis nya bg bantuan akan kembali lagi kalau ke sawahlunto,BUMN,Bintang 3,KHASOmbilinHotel,positive,0.9990420937538147,Staff Conduct & Hospitality,Staff Conduct & Hospitality (0.99); Service Quality (0.98); Guest Experience (0.96)
Sruu Lii,2025.0,5,Pelayanan staf nya sangat ramah,BUMN,Bintang 3,KHASOmbilinHotel,positive,0.9935818910598755,Guest Experience,Guest Experience (0.99); Staff Conduct & Hospitality (0.98); Service Quality (0.98)
Sisi Dwiana,2025.0,5,pokoknya yang terbaik nginap disini nyaman bersih pelayanan oke banget,BUMN,Bintang 3,KHASOmbilinHotel,positive,0.999454915523529,Service Quality,"Service Quality (0.99); Room Quality & Comfort (0.97); Cleanliness, Hygiene & Maintenance (0.97)"
Randa Putra Mandala,2021.0,5,mantap,BUMN,Bintang 3,KHASOmbilinHotel,positive,0.9991816878318787,"Cleanliness, Hygiene & Maintenance","Cleanliness, Hygiene & Maintenance (0.93); Facilities & Amenities (0.89); Sustainability & Environmental Quality (0.75)"
Rofiq ky,2021.0,5,mantap,BUMN,Bintang 3,KHASOmbilinHotel,positive,0.9991816878318787,"Cleanliness, Hygiene & Maintenance","Cleanliness, Hygiene & Maintenance (0.93); Facilities & Amenities (0.89); Sustainability & Environmental Quality (0.75)"
Giat Yuslima,2020.0,5,mantap,BUMN,Bintang 3,KHASOmbilinHotel,positive,0.9991816878318787,"Cleanliness, Hygiene & Maintenance","Cleanliness, Hygiene & Maintenance (0.93); Facilities & Amenities (0.89); Sustainability & Environmental Quality (0.75)"
Enizar Swl,2019.0,4,lumayan,BUMN,Bintang 3,KHASOmbilinHotel,positive,0.9958924055099487,Facilities & Amenities,"Facilities & Amenities (0.79); Pricing & Value for Money (0.75); Cleanliness, Hygiene & Maintenance (0.74)"
CRAFTOPIA ID,2025.0,5,lokasi strategis dekat dengan tempat wisata dikelilingi bangunan tua peninggalan belanda di daerah tersebut kamarnya benar benar sepadan dengan harga akhirnya hotel di sumatera barat dengan ac dan air panas yang berfungsi dengan baik kasur dan bantalnya benar benar nyaman satu kekurangan yang lain yang saya alami adalah saat itu jumlah tamu yang datang tidak cukup untuk membuat sarapan prasmanan dan kami sudah membayar dengan sarapan yang sudah termasuk jadi mereka mengantarkan sarapan ke kamar kami sekitar pukul 6:30 pagi dan itu hanya nasi goreng jadi lebih baik tanyakan apakah mereka menyediakan prasmanan atau tidak dulu karena ada banyak warung makan yang enak di sekitar hotel,BUMN,Bintang 3,KHASOmbilinHotel,positive,0.9916555881500244,Pricing & Value for Money,Pricing & Value for Money (0.97); Facilities & Amenities (0.97); Service Quality (0.90)
Dderiansyah Deri,2025.0,5,hotel ini memiliki nuansa warisan dan pelayanan stafnya sangat baik saya tidak sabar untuk kembali ke sini lagi,BUMN,Bintang 3,KHASOmbilinHotel,positive,0.9979204535484314,Cultural & Heritage Experience,Cultural & Heritage Experience (1.00); Service Quality (1.00); Ambience & Design (1.00)
Michael Blakeway,2025.0,2,Tempatnya kurang terawat tidak ada udara panas meskipun staf sudah berusaha sebaik mungkin sarapannya buruk untuk standar barat,BUMN,Bintang 3,KHASOmbilinHotel,negative,0.9904211759567261,Facilities & Amenities,Facilities & Amenities (0.98); Service Quality (0.95); Guest Experience (0.88)
hyunjinerve,2025.0,5,Hotel yang sangat direkomendasikan di kota ini lokasi strategis pelayanan prima dan makanannya lezat,BUMN,Bintang 3,KHASOmbilinHotel,positive,0.9993402361869812,Service Quality,Service Quality (1.00); Service Efficiency & Responsiveness (0.99); Food & Beverage (0.99)
Sammy Joe,2025.0,5,hotel bintang 3 terbaik toilet bersih handuk bersih pancuran air panas menyala kulkas tersedia pengering rambut tersedia ac dingin dan lemari serta laci tersedia di kota kecil ini hotel ini sangat cocok untuk beristirahat setelah perjalanan panjang dan bersantai,BUMN,Bintang 3,KHASOmbilinHotel,positive,0.9993398785591125,Facilities & Amenities,"Facilities & Amenities (1.00); Cleanliness, Hygiene & Maintenance (0.99); Service Quality (0.99)"
Ammardito Shafaat,2025.0,4,lokasi bagus di tengah kota staf sangat baik dan akomodatif,BUMN,Bintang 3,KHASOmbilinHotel,positive,0.9990546107292175,Facilities & Amenities,Facilities & Amenities (0.99); Service Quality (0.99); Guest Experience (0.98)
M Fadhli,2022.0,5,Saya suka hotel ini karena lokasinya yang berada di pusat kota sawahlunto dan di sekitarnya terdapat banyak tempat makan di malam hari hotelnya sendiri meskipun bernuansa bangunan khas belanda masih baru di dalamnya termasuk kamarnya kamarnya sangat luas sehingga bisa menampung lebih dari 2 orang dengan mudah setiap kamar dilengkapi sofa panjang seperti dipan,BUMN,Bintang 3,KHASOmbilinHotel,positive,0.9994720816612244,Facilities & Amenities,Facilities & Amenities (0.97); Family & Group Friendly (0.91); Ambience & Design (0.83)
L Sam,2022.0,4,kamarnya standar lokasinya terbaik tepat di pusat kota makanannya lumayan satu catatan pintunya tidak saat dengan kusennya sehingga Anda bisa mendengar dengan jelas orang berbicara di luar tapi tempat ini aman,BUMN,Bintang 3,KHASOmbilinHotel,positive,0.9980953335762024,Facilities & Amenities,Facilities & Amenities (0.98); Safety & Security (0.97); Room Quality & Comfort (0.96)
SRI SOENETTI,2024.0,5,hotelnya sangat memuaskan pelayanannya sangat baik dan ramah kebersihan hotel sangat terjaga dan lokasinya strategis dekat dengan pusat kota,BUMN,Bintang 3,KHASOmbilinHotel,positive,0.9993959665298462,"Cleanliness, Hygiene & Maintenance","Cleanliness, Hygiene & Maintenance (1.00); Service Quality (1.00); Facilities & Amenities (1.00)"
Tribs,2021.0,5,hotel ini baru dibuka dan terletak di pusat kota sawahlunto wajib dikunjungi karena merupakan warisan pertambangan batubara ombilin sawahlunto yang telah disertifikasi oleh unesco kamarnya luar biasa lokasinya strategis stafnya ramah dan tempat parkirnya luas,BUMN,Bintang 3,KHASOmbilinHotel,positive,0.9991410970687866,Service Quality,"Service Quality (0.99); Location, Accessibility & Parking (0.99); Staff Conduct & Hospitality (0.98)"
Ghita Yoshanti,2023.0,5,jika anda ingin menjelajahi kota sawahlunto hotel ini adalah salah satu pilihan menginap yang direkomendasikan hotel bintang 3 ini menawarkan kamar yang nyaman dan udara panas dua tahun terakhir tahun 2021 saya mengunjungi tempat ini bersama ayah saya untuk bp4r sebelum menikah dengan suami saya kembali lagi ketika ayah saya sudah tidak bisa dipeluk lagi semoga dia beristirahat dengan tenang di ramadhan 2022 yang lalu al fatihah untuknya,BUMN,Bintang 3,KHASOmbilinHotel,positive,0.9988489151000977,Room Quality & Comfort,Room Quality & Comfort (1.00); Facilities & Amenities (1.00); Service Quality (0.97)
Dilla,2022.0,4,hotel yang bagus di tengah kota kamar yang rapi terang dan luas dengan banyak ruang penyimpanan hotel ini hanya memiliki satu tipe kamar akses dengan wifi dan tempat parkir,BUMN,Bintang 3,KHASOmbilinHotel,positive,0.9986622333526611,"Location, Accessibility & Parking","Location, Accessibility & Parking (0.93); Facilities & Amenities (0.91); Service Quality (0.81)"
Bayari Sentono Putro,2022.0,5,sebuah hotel tua yang didirikan pada masa penjajahan belanda di wilayah yang disebut belanda india sebagai fasilitas pendukung industri pertambangan batu bara batu bara ditemukan oleh de greeve seorang ahli geologi belanda pada tahun 1860 dan kemudian menjadi industri pertambangan legendaris selama lebih dari satu dekade,BUMN,Bintang 3,KHASOmbilinHotel,positive,0.9224244356155396,Facilities & Amenities,"Facilities & Amenities (0.92); Cultural & Heritage Experience (0.70); Loyalty, Recommendation & Appreciation (0.50)"
Wibisana Puji,2016.0,3,tempatnya agak kecil kesannya kuno peninggalan jaman penjajahan belanda di indonesia kamar bersih dan stafnya juga ramah tapi kamar mandinya kotor,BUMN,Bintang 3,KHASOmbilinHotel,negative,0.8558136224746704,Facilities & Amenities,"Facilities & Amenities (0.95); Cleanliness, Hygiene & Maintenance (0.89); Service Quality (0.85)"
andre zen,2021.0,5,hotel keluarga yang bersih dan nyaman mudah menemukan pasar makanan lokal kafe museum dan gedung bersejarah terima kasih kepada manajemen hotel atas semua keramahannya,BUMN,Bintang 3,KHASOmbilinHotel,positive,0.9988376498222351,"Cleanliness, Hygiene & Maintenance","Cleanliness, Hygiene & Maintenance (0.99); Facilities & Amenities (0.98); Family & Group Friendly (0.95)"
Marta Indra Buana,2022.0,5,akomodasi hotel di tengah kota sawahlunto yang telah menjadi warisan dunia unesco dalam kategori bagian kota perusahaan pertambangan batubara ombilin,BUMN,Bintang 3,KHASOmbilinHotel,neutral,0.5295832753181458,Cultural & Heritage Experience,Cultural & Heritage Experience (0.92); Facilities & Amenities (0.85); Sustainability & Environmental Quality (0.76)
Nafriman Nazir,2021.0,5,Inna ombilin heritage adalah salah satu hotel terbaik di sawahlunto tempat yang sempurna untuk menginap di pusat kota,BUMN,Bintang 3,KHASOmbilinHotel,positive,0.9990091323852539,Cultural & Heritage Experience,"Cultural & Heritage Experience (0.99); Family & Group Friendly (0.88); Loyalty, Recommendation & Appreciation (0.87)"
Yurike Paramasantati,2024.0,5,makanannya enak pelayanannya bagus sangat disarankan,BUMN,Bintang 3,KHASOmbilinHotel,positive,0.9992058873176575,Service Quality,"Service Quality (0.99); Guest Experience (0.95); Loyalty, Recommendation & Appreciation (0.93)"
raissa putrizulfan,2018.0,2,kamar mandinya kotor dan ada kue tapi lokasinya bagus di pusat kota,BUMN,Bintang 3,KHASOmbilinHotel,negative,0.8904827833175659,Food & Beverage,Food & Beverage (0.99); Facilities & Amenities (0.98); Service Quality (0.95)
Arry Susanto,2022.0,5,hotel yang bagus dan bersih di sawah lunto,BUMN,Bintang 3,KHASOmbilinHotel,positive,0.9992961883544922,"Cleanliness, Hygiene & Maintenance","Cleanliness, Hygiene & Maintenance (0.99); Service Quality (0.99); Sustainability & Environmental Quality (0.97)"
Martin James Bray,2021.0,5,bersih tenang ideal untuk liburan bulan madu ke 2,BUMN,Bintang 3,KHASOmbilinHotel,positive,0.9908912777900696,Service Quality,"Service Quality (0.99); Cleanliness, Hygiene & Maintenance (0.98); Room Quality & Comfort (0.96)"
Zziee,2025.0,5,pemandangan dari hotel,BUMN,Bintang 3,KHASOmbilinHotel,positive,0.5134478807449341,Facilities & Amenities,Facilities & Amenities (0.91); Ambience & Design (0.80); Sustainability & Environmental Quality (0.79)
helmi ali,2021.0,5,Pelayanannya bagus dan luar biasa beruntung,BUMN,Bintang 3,KHASOmbilinHotel,positive,0.9977606534957886,Service Quality,Service Quality (1.00); Guest Experience (0.98); Service Efficiency & Responsiveness (0.95)
doni wahyudi,2017.0,3,terletak di pusat kota sawahlunto dan bisa melihat peninggalan masa lalu,BUMN,Bintang 3,KHASOmbilinHotel,positive,0.9974653720855713,Cultural & Heritage Experience,Cultural & Heritage Experience (0.94); Facilities & Amenities (0.78); Religious & Halal Features (0.70)
Eko Budi Cahyono,2018.0,4,hotel tertua di pusat kota sawahlunto,BUMN,Bintang 3,KHASOmbilinHotel,positive,0.9974019527435303,"Cleanliness, Hygiene & Maintenance","Cleanliness, Hygiene & Maintenance (0.84); Service Quality (0.83); Loyalty, Recommendation & Appreciation (0.82)"
Heru Onggodinata,2017.0,3,eksterior klasik tempat bersejarah koneksi wifi buruk,BUMN,Bintang 3,KHASOmbilinHotel,positive,0.9509848356246948,Ambience & Design,Ambience & Design (0.91); Cultural & Heritage Experience (0.85); Facilities & Amenities (0.83)
Arivano Kurniawan,2016.0,3,Sangat kecil tapi tidak buruk,BUMN,Bintang 3,KHASOmbilinHotel,positive,0.9728168249130249,"Cleanliness, Hygiene & Maintenance","Cleanliness, Hygiene & Maintenance (0.72); Room Quality & Comfort (0.69); Service Efficiency & Responsiveness (0.69)"
Budi Pramono,2023.0,4,hotel terbaik di sawahlunto,BUMN,Bintang 3,KHASOmbilinHotel,positive,0.9992504715919495,Service Quality,Service Quality (0.93); Sustainability & Environmental Quality (0.89); Facilities & Amenities (0.87)
Mr Awe,2018.0,1,Hotel ini tutup,BUMN,Bintang 3,KHASOmbilinHotel,negative,0.9263092279434204,Sustainability & Environmental Quality,Sustainability & Environmental Quality (0.78); Pricing & Value for Money (0.69); Safety & Security (0.53)
Eddi Novra,2021.0,5,hebat,BUMN,Bintang 3,KHASOmbilinHotel,positive,0.9962859153747559,"Cleanliness, Hygiene & Maintenance","Cleanliness, Hygiene & Maintenance (0.92); Facilities & Amenities (0.85); Sustainability & Environmental Quality (0.74)"
Mellya Hasrida,2021.0,5,hotel warisan yang bagus,BUMN,Bintang 3,KHASOmbilinHotel,positive,0.9980934262275696,Cultural & Heritage Experience,Cultural & Heritage Experience (0.94); Service Quality (0.91); Facilities & Amenities (0.84)
Ahmad,2023.0,5,istirahat,BUMN,Bintang 3,KHASOmbilinHotel,positive,0.9843685030937195,Sustainability & Environmental Quality,Sustainability & Environmental Quality (0.41); Religious & Halal Features (0.37); Pricing & Value for Money (0.31)
Regi Syah Putra,2017.0,5,b dan,BUMN,Bintang 3,KHASOmbilinHotel,neutral,0.48046600818634033,"Cleanliness, Hygiene & Maintenance","Cleanliness, Hygiene & Maintenance (0.89); Facilities & Amenities (0.88); Food & Beverage (0.85)"
Rezk,2022.0,5,Itu bagus,BUMN,Bintang 3,KHASOmbilinHotel,positive,0.9881405830383301,"Cleanliness, Hygiene & Maintenance","Cleanliness, Hygiene & Maintenance (0.94); Facilities & Amenities (0.89); Sustainability & Environmental Quality (0.87)"
Kak Mahh,2019.0,3,cocok untuk liburan keluarga,BUMN,Bintang 3,KHASOmbilinHotel,positive,0.997812032699585,Family & Group Friendly,Family & Group Friendly (1.00); Guest Experience (0.91); Cultural & Heritage Experience (0.88)
imbroglio,2021.0,5,sederhana namun nyaman,BUMN,Bintang 3,KHASOmbilinHotel,positive,0.6372279524803162,Room Quality & Comfort,Room Quality & Comfort (0.82); Facilities & Amenities (0.77); Family & Group Friendly (0.73)
diah siti mukhodiah,2021.0,5,bagus bagus bagus,BUMN,Bintang 3,KHASOmbilinHotel,positive,0.9950018525123596,"Cleanliness, Hygiene & Maintenance","Cleanliness, Hygiene & Maintenance (0.84); Sustainability & Environmental Quality (0.69); Facilities & Amenities (0.68)"
MANDO RANKKOTO,2017.0,5,berupa,BUMN,Bintang 3,KHASOmbilinHotel,positive,0.9980137348175049,"Cleanliness, Hygiene & Maintenance","Cleanliness, Hygiene & Maintenance (0.84); Facilities & Amenities (0.82); Food & Beverage (0.76)"
Ari Krisbiantoro,2018.0,5,"Oke, oke.",BUMN,Bintang 3,KHASOmbilinHotel,neutral,0.7131394147872925,"Cleanliness, Hygiene & Maintenance","Cleanliness, Hygiene & Maintenance (0.86); Facilities & Amenities (0.79); Sustainability & Environmental Quality (0.70)"
Jejak Langkah GA,2020.0,4,dingin,BUMN,Bintang 3,KHASOmbilinHotel,negative,0.6269745826721191,Facilities & Amenities,Facilities & Amenities (0.68); Sustainability & Environmental Quality (0.64); Pricing & Value for Money (0.54)
Panca Irwan Ginting,2021.0,4,bagus,BUMN,Bintang 3,KHASOmbilinHotel,positive,0.9980923533439636,"Cleanliness, Hygiene & Maintenance","Cleanliness, Hygiene & Maintenance (0.91); Facilities & Amenities (0.90); Sustainability & Environmental Quality (0.82)"
Andi Indra Putra Paduka Sultan Erdogan,2021.0,5,Bagus sekali,BUMN,Bintang 3,KHASOmbilinHotel,positive,0.9767941832542419,"Cleanliness, Hygiene & Maintenance","Cleanliness, Hygiene & Maintenance (0.92); Facilities & Amenities (0.89); Sustainability & Environmental Quality (0.79)"
Ram Syah,2023.0,5,menyesap,BUMN,Bintang 3,KHASOmbilinHotel,negative,0.9743518233299255,Food & Beverage,Food & Beverage (0.99); Facilities & Amenities (0.68); Pricing & Value for Money (0.67)
Yudiarto Pratomo,2017.0,3,bagus dan oke,BUMN,Bintang 3,KHASOmbilinHotel,positive,0.9977384805679321,Facilities & Amenities,"Facilities & Amenities (0.95); Sustainability & Environmental Quality (0.90); Cleanliness, Hygiene & Maintenance (0.89)"
iman parta kusuma,2017.0,3,harga yang wajar,BUMN,Bintang 3,KHASOmbilinHotel,negative,0.5498334765434265,Pricing & Value for Money,Pricing & Value for Money (0.97); Sustainability & Environmental Quality (0.75); Facilities & Amenities (0.73)
Budi ansah,2018.0,3,orang lain,BUMN,Bintang 3,KHASOmbilinHotel,negative,0.9981586337089539,"Cleanliness, Hygiene & Maintenance","Cleanliness, Hygiene & Maintenance (0.83); Facilities & Amenities (0.65); Sustainability & Environmental Quality (0.62)"
Buruh Jurnalis,2018.0,5,hidup,BUMN,Bintang 3,KHASOmbilinHotel,positive,0.9986469149589539,"Cleanliness, Hygiene & Maintenance","Cleanliness, Hygiene & Maintenance (0.92); Facilities & Amenities (0.90); Sustainability & Environmental Quality (0.89)"
yefriadi yefriadi,2018.0,5,antik,BUMN,Bintang 3,KHASOmbilinHotel,positive,0.9990348815917969,"Cleanliness, Hygiene & Maintenance","Cleanliness, Hygiene & Maintenance (0.90); Facilities & Amenities (0.89); Cultural & Heritage Experience (0.78)"
Zulius Alfandi,2017.0,3,di jantung kota,BUMN,Bintang 3,KHASOmbilinHotel,positive,0.9972659349441528,Facilities & Amenities,"Facilities & Amenities (0.97); Cleanliness, Hygiene & Maintenance (0.91); Safety & Security (0.86)"
Suhar Pareira,2021.0,3,cocok untuk wisatawan,BUMN,Bintang 3,KHASOmbilinHotel,positive,0.996228814125061,Guest Experience,"Guest Experience (0.96); Cultural & Heritage Experience (0.82); Cleanliness, Hygiene & Maintenance (0.81)"
Syahrial Nawawi,2018.0,4,warisan sejati,BUMN,Bintang 3,KHASOmbilinHotel,positive,0.9988645315170288,Cultural & Heritage Experience,"Cultural & Heritage Experience (0.92); Cleanliness, Hygiene & Maintenance (0.87); Loyalty, Recommendation & Appreciation (0.70)"
Febri Anggriawan Widodo,2017.0,4,hotel yang bagus,BUMN,Bintang 3,KHASOmbilinHotel,positive,0.9990472197532654,Service Quality,"Service Quality (0.95); Facilities & Amenities (0.92); Cleanliness, Hygiene & Maintenance (0.88)"
Benny Indra Rangkuti (D483NN),2018.0,4,orang lain,BUMN,Bintang 3,KHASOmbilinHotel,negative,0.9981586337089539,"Cleanliness, Hygiene & Maintenance","Cleanliness, Hygiene & Maintenance (0.83); Facilities & Amenities (0.64); Sustainability & Environmental Quality (0.62)"
nad bigg,2017.0,4,bangunan warisan,BUMN,Bintang 3,KHASOmbilinHotel,positive,0.9964072108268738,Cultural & Heritage Experience,Cultural & Heritage Experience (0.87); Sustainability & Environmental Quality (0.62); Facilities & Amenities (0.47)
ahmad negara,2017.0,3,hotel strategis,BUMN,Bintang 3,KHASOmbilinHotel,positive,0.9988206028938293,"Cleanliness, Hygiene & Maintenance","Cleanliness, Hygiene & Maintenance (0.55); Sustainability & Environmental Quality (0.55); Pricing & Value for Money (0.39)"
Refni Efnita,2018.0,4,tempat yang bagus,BUMN,Bintang 3,KHASOmbilinHotel,positive,0.9981529116630554,Facilities & Amenities,"Facilities & Amenities (0.98); Room Quality & Comfort (0.97); Cleanliness, Hygiene & Maintenance (0.92)"
Nad Mailensun,2017.0,4,hotel warisan,BUMN,Bintang 3,KHASOmbilinHotel,positive,0.9871237277984619,Cultural & Heritage Experience,"Cultural & Heritage Experience (0.94); Cleanliness, Hygiene & Maintenance (0.87); Facilities & Amenities (0.83)"
Rahmad Adlan,2022.0,5,bagus,BUMN,Bintang 3,KHASOmbilinHotel,positive,0.9981014132499695,"Cleanliness, Hygiene & Maintenance","Cleanliness, Hygiene & Maintenance (0.91); Facilities & Amenities (0.89); Sustainability & Environmental Quality (0.82)"
Boy Frinando,,5,direkomendasikan,BUMN,Bintang 3,KHASOmbilinHotel,positive,0.9911993145942688,"Cleanliness, Hygiene & Maintenance","Cleanliness, Hygiene & Maintenance (0.92); Facilities & Amenities (0.88); Safety & Security (0.85)"
salman mubaraq,2021.0,5,bagus,BUMN,Bintang 3,KHASOmbilinHotel,positive,0.9981014132499695,"Cleanliness, Hygiene & Maintenance","Cleanliness, Hygiene & Maintenance (0.91); Facilities & Amenities (0.90); Sustainability & Environmental Quality (0.82)"
